"diamond href","image src","hide-on-mobile","asking-price","cash-flow","link-text","title","ng-star-inserted","ng-star-inserted href","description","link-text 2","btn","ng-star-inserted 2","ng-star-inserted href 2","financing-available"
"https://www.bizquest.com/business-for-sale/16-fedex-pandd-routes-southeast-new-york/BW2480989/","https://images.bizquest.com/shared/listings/248/2480989/3f0cce2c-3a69-4774-b9ca-2ad1b22d8ef7-W336.webp","Save","$2,000,000","Cash Flow:","Sign In to View","16 FedEx P&D Routes - Southeast New York","New York","https://www.bizquest.com/businesses-for-sale-in-new-york-ny/","Great business for sale","View Profit","Contact","","",""
"https://www.bizquest.com/business-for-sale/established-open-operating-and-profitable-franchise-resale/BW2480970/","https://images.bizquest.com/shared/listings/248/2480970/6d2c9cbd-465c-4411-ac96-12dcb9316778-W336.webp","Save","$500,000","Cash Flow:","Sign In to View","Established, Open, Operating and Profitable Franchise Resale","Philadelphia","https://www.bizquest.com/businesses-for-sale-in-philadelphia-pa/","38 Year Operating History and Owner Retiring","View Profit","Contact",", PA","https://www.bizquest.com/businesses-for-sale-in-pennsylvania-pa/",""
"https://www.bizquest.com/business-for-sale/profitable-turnkey-business-306k-sde-seller-financing-available/BW2480888/","https://images.bizquest.com/shared/listings/defaultphotos/diamond/buildingother.jpg","Save","$1,075,000","Cash Flow:","Sign In to View","Profitable Turnkey Business-$306k SDE-Seller Financing Available","Salida","https://www.bizquest.com/businesses-for-sale-in-salida-ca/","Fully staffed operation with documented systems and growth potential","View Profit","Contact",", CA","https://www.bizquest.com/businesses-for-sale-in-california-ca/",""
"https://www.bizquest.com/business-for-sale/high-margin-online-retailer-of-premium-decorated-motorcycle-parts/BW2480777/","","Save","$925,000","Cash Flow:","Sign In to View","High-Margin Online Retailer of Premium Decorated Motorcycle Parts","Bristol County","https://www.bizquest.com/businesses-for-sale-in-bristol-county-ma/","Profitable Ecommerce Business - Low Overhead - Growth Potential!","View Profit","Contact",", MA","https://www.bizquest.com/businesses-for-sale-in-massachusetts-ma/",""
"https://www.bizquest.com/business-for-sale/established-phoenix-car-wash-and-detailing-business-119-000/BW2480592/","","Save","$119,000","Cash Flow:","Sign In to View","Established Phoenix Car Wash & Detailing Business – $119,000","Phoenix","https://www.bizquest.com/businesses-for-sale-in-phoenix-az/","Multi-service wash and detailing operation with strong local presence","View Profit","Contact",", AZ","https://www.bizquest.com/businesses-for-sale-in-arizona-az/",""
"https://www.bizquest.com/business-for-sale/well-branded-candy-vintage-soda-and-ice-cream-shop/BW2474694/","","Save","$159,000","Cash Flow:","Sign In to View","Well branded Candy, Vintage Soda & Ice Cream Shop","Pace","https://www.bizquest.com/businesses-for-sale-in-florida-fl/","Ready for expansion! Possible E2 qualified. HR light PRICED TO SELL","View Profit","Contact",", FL","https://www.bizquest.com/businesses-for-sale-in-florida-fl/",""
"https://www.bizquest.com/business-for-sale/successful-restaurant-franchise-for-sale/BW2463034/","https://images.bizquest.com/shared/listings/246/2463034/59d064bc-407b-48c3-ad57-63c30d2bb530-W336.webp","Save","$400,000","","","Successful Restaurant Franchise For Sale","Twin Falls","https://www.bizquest.com/businesses-for-sale-in-twin-falls-id/","Established concept regionally, with strong brand presence","","Contact",", ID","https://www.bizquest.com/businesses-for-sale-in-idaho-id/",""
"https://www.bizquest.com/business-for-sale/e-2-visa-friendly-to-go-restaurant-new-equipment-fremont/BW2457947/","","Save","$166,000","","","E-2 Visa Friendly | To-Go Restaurant | New Equipment | Fremont","Fremont","https://www.bizquest.com/businesses-for-sale-in-fremont-ca/","$360K Sales","","Contact",", CA","https://www.bizquest.com/businesses-for-sale-in-california-ca/",""
"https://www.bizquest.com/business-for-sale/turnkey-rapidly-growing-party-boat-company-nashville-tn/BW2457886/","","Save","$899,999","Cash Flow:","Sign In to View","Turnkey, Rapidly Growing Party Boat Company – Nashville, TN","Nashville","https://www.bizquest.com/businesses-for-sale-in-nashville-tn/","Over 1,300 Five-Star Google Reviews in Just Two Seasons","View Profit","Contact",", TN","https://www.bizquest.com/businesses-for-sale-in-tennessee-tn/",""
"https://www.bizquest.com/business-for-sale/longstanding-early-learning-facility-with-proven-financial-performance/BW2450812/","https://images.bizquest.com/shared/listings/245/2450812/eaa5f038-25ce-4f02-999e-2f81e2489e5b-W336.webp","Save","$225,000","","","Longstanding Early Learning Facility with Proven Financial Performance","Boise","https://www.bizquest.com/businesses-for-sale-in-boise-id/","Consistently Strong Enrollment & Excellent Near-Term Growth Potential","","Contact",", ID","https://www.bizquest.com/businesses-for-sale-in-idaho-id/",""
"https://www.bizquest.com/1-800-striper-franchise-for-sale/?q=%3Ff_irts%3Dfalse%26f_bfssr%3D1","https://images.bizquest.com/fnw/images/3073/3239/f9759c23-1748-4443-8962-942511b20694.png","","$75,000","","","1-800-STRIPER","Available in Multiple Locations","","Build a low overhead service business helping businesses maintain safe, compliant parking lots.","","","","",""
"https://www.bizquest.com/business-for-sale/craft-drink-and-pastry-business-with-one-of-a-kind-concept/BW2448891/","","Save","$120,000","","","Craft Drink & Pastry Business with One-of-A-Kind Concept","Idaho Falls","https://www.bizquest.com/businesses-for-sale-in-idaho-falls-id/","Turn-key, fully equipped with commercial appliances","","Contact",", ID","https://www.bizquest.com/businesses-for-sale-in-idaho-id/",""
"https://www.bizquest.com/business-for-sale/san-diego-mail-and-print-marketing-company-seller-financing-available/BW2434603/","https://images.bizquest.com/shared/listings/243/2434603/69195af2-c555-429c-bae9-feac32b5b5ca-W336.webp","Save","$149,000","Cash Flow:","Sign In to View","San Diego Mail & Print Marketing Company – Seller Financing Available","San Diego County","https://www.bizquest.com/businesses-for-sale-in-san-diego-county-ca/","Seller Financing Available","View Profit","Contact",", CA","https://www.bizquest.com/businesses-for-sale-in-california-ca/","Financing Available"
"https://www.bizquest.com/business-for-sale/restaurant-creperie-shawarma-investor-visa-e-2-ready-100/BW2397518/","","Save","$149,000","","","Restaurant/Creperie-Shawarma/investor Visa E-2 Ready 100%","Sunny Isles Beach","https://www.bizquest.com/businesses-for-sale-in-florida-fl/","Sunny Isles Beach in Miami French Creperie Restaurant For Sale","","Contact",", FL","https://www.bizquest.com/businesses-for-sale-in-florida-fl/",""
"https://www.bizquest.com/business-for-sale/home-improvement-siding-business-in-buffalo-ny/BW2390029/","","Save","$130,000","Cash Flow:","Sign In to View","Home Improvement Siding Business in Buffalo, NY","Buffalo","https://www.bizquest.com/businesses-for-sale-in-buffalo-ny/","Unique home-based exterior renovation business opportunity in Buffalo","View Profit","Contact",", NY","https://www.bizquest.com/businesses-for-sale-in-new-york-ny/",""
"https://www.bizquest.com/business-for-sale/huge-opportunity-the-best-store-to-buy-store-runs-on-autopilot/BW2389961/","https://images.bizquest.com/shared/listings/238/2389961/349810e2-c6b3-44d0-8233-e58616e7778a-W336.jpg","Save","$1,990,000","","","Huge opportunity. The best store to buy, store runs on autopilot..","Cumberland County","https://www.bizquest.com/businesses-for-sale-in-cumberland-county-il/","Very busy store, store setups nicely. Not even needs to work","","Contact",", IL","https://www.bizquest.com/businesses-for-sale-in-illinois-il/","Financing Available"
"https://www.bizquest.com/business-for-sale/automotive-detailing-supplies/BW2389693/","","Save","$500,000","Cash Flow:","Sign In to View","Automotive Detailing Supplies","Cobb County","https://www.bizquest.com/businesses-for-sale-in-cobb-county-ga/","70 Years in Business - Owner to Retire","View Profit","Contact",", GA","https://www.bizquest.com/businesses-for-sale-in-georgia-ga/","Financing Available"
"https://www.bizquest.com/business-for-sale/under-contract-healthy-juice-bar/BW2388903/","","Save","$50,000","","","UNDER CONTRACT: Healthy Juice Bar","Orlando","https://www.bizquest.com/businesses-for-sale-in-orlando-fl/","Invest in a high-growth fitness business opportunity with low asking $","","Contact",", FL","https://www.bizquest.com/businesses-for-sale-in-florida-fl/",""
"https://www.bizquest.com/business-for-sale/retail-wine-beer-and-gift-shop-in-high-traffic-downtown-naples-area/BW2369835/","https://images.bizquest.com/shared/listings/236/2369835/76154bac-ee08-4c4e-bf61-155b3d89fa8e-W336.jpg","Save","$319,000","Cash Flow:","Sign In to View","Retail Wine, Beer & Gift Shop in High Traffic, Downtown Naples Area","Naples","https://www.bizquest.com/businesses-for-sale-in-naples-fl/","High Marin Opportunity","View Profit","Contact",", FL","https://www.bizquest.com/businesses-for-sale-in-florida-fl/","Financing Available"
"https://www.bizquest.com/business-for-sale/own-a-piece-of-history-brazilian-soccer-house-established-1993/BW2353863/","","Save","$2,000,000","Cash Flow:","Sign In to View","Own a Piece of History: Brazilian Soccer House – Established 1993!","Revere","https://www.bizquest.com/businesses-for-sale-in-revere-ma/","The soccer reference in the state – 3 decades strong.","View Profit","Contact",", MA","https://www.bizquest.com/businesses-for-sale-in-massachusetts-ma/",""
"https://www.bizquest.com/business-for-sale/odor-mitigation-and-manufacturing-service-provider-w-proprietary-tech/BW2329585/","https://images.bizquest.com/shared/listings/232/2329585/bb221b64-ab24-4f4f-afba-c5810d09633d-W336.webp","Save","$3,000,000","Cash Flow:","Sign In to View","Odor Mitigation and Manufacturing Service Provider w/Proprietary Tech","","https://www.bizquest.com/businesses-for-sale/","Proudly Serving the U.S. for Over a Decade","View Profit","Contact","","",""
"https://www.bizquest.com/dryer-vent-wizard-franchise-for-sale/?q=%3Ff_irts%3Dfalse%26f_bfssr%3D1","https://images.bizquest.com/fnw/images/1007/1065/f30d6267-09e8-4b2c-a6b5-775ab361fe7c.png","","$50,000","","","Dryer Vent Wizard","Available Nationwide","","Ranked #1 Dryer Vent Cleaning franchise by 2026 Entrepreneur Franchise 500®. $240K single-unit average gross sales!*","","","","",""
"https://www.bizquest.com/business-for-sale/30-yr-established-and-profitable-wedding-party-event-rental-company/BW2480603/","https://images.bizquest.com/shared/listings/248/2480603/c192e53b-1846-4764-a876-548b5e8617dd-W336.webp","Save","$2,200,000","Cash Flow:","Sign In to View","30 yr Established and Profitable Wedding, Party, Event Rental Company","Montana","https://www.bizquest.com/businesses-for-sale-in-montana-mt/","Best in class, profitable operator: luxury event rental business","View Profit","Contact","","",""
"https://www.bizquest.com/business-for-sale/fiber-optics-stretcher-company/BW2480569/","","Save","$1,175,000","","","Fiber Optics Stretcher Company","Los Angeles","https://www.bizquest.com/businesses-for-sale-in-los-angeles-ca/","Active and Growing Company in Fiber Optics Industry","","Contact",", CA","https://www.bizquest.com/businesses-for-sale-in-california-ca/",""
"https://www.bizquest.com/business-for-sale/turn-key-smoke-shop-for-sale-fully-built-out-orange-county-ca/BW2480526/","","Save","$100,000","","","Turn-Key Smoke Shop for Sale – Fully Built Out – Orange County, CA","Orange","https://www.bizquest.com/businesses-for-sale-in-orange-ca/","Fully Built-Out – Fixtures, Lighting, Shelving & Cameras Included","","Contact",", CA","https://www.bizquest.com/businesses-for-sale-in-california-ca/",""
"https://www.bizquest.com/business-for-sale/sacramento-plastic-surgery-clinic-for-sale/BW2480479/","https://images.bizquest.com/shared/listings/248/2480479/dd36768c-1042-4178-9edc-6fbefeb6378c-W336.webp","Save","","Cash Flow:","Sign In to View","Sacramento Plastic Surgery Clinic for Sale","Sacramento","https://www.bizquest.com/businesses-for-sale-in-sacramento-ca/","Generates strong seven-figure annual revenue","View Profit","Contact",", CA","https://www.bizquest.com/businesses-for-sale-in-california-ca/",""
"https://www.bizquest.com/business-for-sale/landscaping-franchise-233k-sales-repeat-rev-unbroker-exclusive/BW2480464/","https://images.bizquest.com/shared/listings/248/2480464/1dcaf1a8-48c7-41bb-8380-2f7ad644d569-W336.webp","Save","$250,000","Cash Flow:","Sign In to View","Landscaping Franchise | $233K Sales | Repeat Rev (Unbroker Exclusive)","Maricopa County","https://www.bizquest.com/businesses-for-sale-in-maricopa-county-az/","Established Landscaping Franchise with Recurring Commercial Accounts","View Profit","Contact",", AZ","https://www.bizquest.com/businesses-for-sale-in-arizona-az/",""
"https://www.bizquest.com/business-for-sale/scalable-private-duty-care-company-with-premium-profitability/BW2480453/","https://images.bizquest.com/shared/listings/248/2480453/3cd6a331-7959-4d7e-a59c-0add5fe76f16-W336.webp","Save","$3,900,000","EBITDA:","Sign In to View","Scalable Private Duty Care Company with Premium Profitability","Irving","https://www.bizquest.com/businesses-for-sale-in-irving-tx/","Hospital at home program","View Profit","Contact",", TX","https://www.bizquest.com/businesses-for-sale-in-texas-tx/",""
"https://www.bizquest.com/business-for-sale/free-standing-downtown-fully-equipped-restaurant-with-liquor-license/BW2480393/","","Save","$925,000","","","Free-standing downtown, fully equipped restaurant with liquor license","Ebensburg","https://www.bizquest.com/businesses-for-sale-in-ebensburg-pa/","adjacent public parking 3 bedroom apartment above","","Contact",", PA","https://www.bizquest.com/businesses-for-sale-in-pennsylvania-pa/",""
"https://www.bizquest.com/business-for-sale/healthcare-marketing-agency-for-sale/BW2480333/","https://images.bizquest.com/shared/listings/248/2480333/fc46dfec-338c-4db0-a7c8-c4b296a31c1b-W336.webp","Save","","EBITDA:","Sign In to View","Healthcare Marketing Agency for Sale","Dallas","https://www.bizquest.com/businesses-for-sale-in-dallas-tx/","Established marketing agency with collections of $1.682 million","View Profit","Contact",", TX","https://www.bizquest.com/businesses-for-sale-in-texas-tx/",""
"https://www.bizquest.com/business-for-sale/pa-non-skilled-home-care-agency-for-sale/BW2480235/","https://images.bizquest.com/shared/listings/248/2480235/0e825656-37f0-44a8-9aae-5333853ede5d-W336.webp","Save","$6,000,000","EBITDA:","Sign In to View","PA Non-Skilled Home Care  Agency For Sale","Philadelphia","https://www.bizquest.com/businesses-for-sale-in-philadelphia-pa/","3 MCO Contracts","View Profit","Contact",", PA","https://www.bizquest.com/businesses-for-sale-in-pennsylvania-pa/",""
"https://www.bizquest.com/business-for-sale/turnkey-event-venue-500-leads-yr-proven-demand-and-growth-opportunity/BW2480203/","","Save","$140,000","","","Turnkey Event Venue – 500 Leads/Yr, Proven Demand & Growth Opportunity","Gwinnett County","https://www.bizquest.com/businesses-for-sale-in-gwinnett-county-ga/","2,200 Sq Ft Venue Generating 500 Leads Annually with Minimal Marketing","","Contact",", GA","https://www.bizquest.com/businesses-for-sale-in-georgia-ga/","Financing Available"
"https://www.bizquest.com/amazing-athletes-franchise-for-sale/?q=%3Ff_irts%3Dfalse%26f_bfssr%3D1","https://images.bizquest.com/fnw/images/3074/3240/f9e3cc1e-ca9c-4632-b77b-d3e1a37a4c14.png","","$50,000","","","Amazing Athletes","Available in Multiple Locations","","Own a mobile youth sports franchise delivering programs inside preschools and childcare centers with recurring enrollment.","","","","",""
"https://www.bizquest.com/business-for-sale/tarantellis-italian-rest-2-9m-revenue-downtown-icon/BW2478763/","","Save","$850,000","Cash Flow:","Sign In to View","Tarantelli’s Italian Rest.  – $2.9M Revenue Downtown Icon","Wilmington","https://www.bizquest.com/businesses-for-sale-in-wilmington-nc/","Real Estate Available for $1.745M","View Profit","Contact",", NC","https://www.bizquest.com/businesses-for-sale-in-north-carolina-nc/",""
"https://www.bizquest.com/business-for-sale/fedex-ground-pandd-business/BW2478579/","https://images.bizquest.com/shared/listings/247/2478579/5d2744bd-4915-4dc2-a606-eed3f13870ee-W336.webp","Save","$2,999,999","Cash Flow:","Sign In to View","Fedex Ground P&D Business","Massachusetts","https://www.bizquest.com/businesses-for-sale-in-massachusetts-ma/","Massachusetts","View Profit","Contact","","",""
"https://www.bizquest.com/business-for-sale/turn-key-education-center-for-kids/BW2476288/","","Save","$55,000","","","Turn Key Education Center for Kids","Green Bay","https://www.bizquest.com/businesses-for-sale-in-green-bay-wi/","A Growth-Potential with High-Foot Traffic","","Contact",", WI","https://www.bizquest.com/businesses-for-sale-in-wisconsin-wi/",""
"https://www.bizquest.com/business-for-sale/luxury-licensed-detox-facility-in-orange-county-fully-operational/BW2473594/","","Save","$1,500,000","","","Luxury Licensed Detox Facility in Orange County – Fully Operational","Orange County","https://www.bizquest.com/businesses-for-sale-in-orange-county-ca/","Turn Key - Joint Commission & DHCS Licensed 6-Bed Luxury Detox","","Contact",", CA","https://www.bizquest.com/businesses-for-sale-in-california-ca/","Financing Available"
"https://www.bizquest.com/business-for-sale/high-margin-private-investigations-firm-remote-unbroker-exclusive/BW2469997/","https://images.bizquest.com/shared/listings/246/2469997/9cac3db9-63e3-474c-8e2f-f753e7b53fe6-W336.webp","Save","$250,000","Cash Flow:","Sign In to View","High-Margin Private Investigations Firm, Remote (Unbroker Exclusive)","Los Angeles County","https://www.bizquest.com/businesses-for-sale-in-los-angeles-county-ca/","Loyal & Recurring Client Base | Scalable Model | Low Overhead","View Profit","Contact",", CA","https://www.bizquest.com/businesses-for-sale-in-california-ca/",""
"https://www.bizquest.com/scenthound-franchise-for-sale/?q=%3Ff_irts%3Dfalse%26f_bfssr%3D1","https://images.bizquest.com/fnw/images/703/737/c4f98485-828c-4063-bfa1-2c3cc752444c.png","","$150,000","","","Scenthound","Available in Multiple Locations","","Scenthound offers subscription-based dog wellness care focused on hygiene, health, and tech-driven convenience—affordable, accessible, and mission-driven.","","","","",""
"https://www.bizquest.com/business-for-sale/florida-based-essential-services-business/BW2469996/","https://images.bizquest.com/shared/listings/246/2469996/e0094b17-c3c2-4ed5-acd3-ac69a998c87a-W336.webp","Save","$2,900,000","Cash Flow:","Sign In to View","Florida-Based Essential Services Business","West Palm Beach","https://www.bizquest.com/businesses-for-sale-in-west-palm-beach-fl/","Specialty Construction","View Profit","Contact",", FL","https://www.bizquest.com/businesses-for-sale-in-florida-fl/","Financing Available"
"https://www.bizquest.com/business-for-sale/lubbock-san-angelo-highly-profitable-in-home-care-business/BW2469963/","https://images.bizquest.com/shared/listings/246/2469963/72ad12f4-e88f-442f-9f80-04a47c61595b-W336.webp","Save","$2,925,000","Cash Flow:","Sign In to View","Lubbock/San Angelo: Highly Profitable In-Home Care Business","Lubbock County","https://www.bizquest.com/businesses-for-sale-in-lubbock-county-tx/","Leading Franchise | Strong SDE | Turnkey Ops | Established Team","View Profit","Contact",", TX","https://www.bizquest.com/businesses-for-sale-in-texas-tx/","Financing Available"
"https://www.bizquest.com/business-for-sale/well-established-dumpster-rental-franchise-for-sale-in-austin/BW2457576/","https://images.bizquest.com/shared/listings/245/2457576/25d72ea0-992d-459a-9d8f-99c15671c1c6-W336.webp","Save","$250,000","","","Well Established Dumpster Rental Franchise for sale in Austin","Austin","https://www.bizquest.com/businesses-for-sale-in-austin-tx/","Trending $250K in Annual Sales and Growing with 40+ 5 star Reviews!","","Contact",", TX","https://www.bizquest.com/businesses-for-sale-in-texas-tx/","Financing Available"
"https://www.bizquest.com/business-for-sale/profitable-bbq-restaurant-for-sale/BW2457523/","","Save","$595,000","Cash Flow:","Sign In to View","Profitable BBQ Restaurant For Sale","Arlington","https://www.bizquest.com/businesses-for-sale-in-arlington-tx/","Absentee Owner","View Profit","Contact",", TX","https://www.bizquest.com/businesses-for-sale-in-texas-tx/",""
"https://www.bizquest.com/business-for-sale/liquor-store-in-high-traffic-shopping-plaza/BW2457460/","","Save","$1,150,000","","","Liquor Store in high traffic shopping plaza","Buffalo","https://www.bizquest.com/businesses-for-sale-in-buffalo-ny/","Well known business-Established 2014","","Contact",", NY","https://www.bizquest.com/businesses-for-sale-in-new-york-ny/",""
"https://www.bizquest.com/business-for-sale/iconic-lotus-automotive-parts-supplier-2-3m-retail-inventory/BW2447205/","https://images.bizquest.com/shared/listings/244/2447205/7950e431-fdd6-45a8-9717-99cba55e66d5-W336.webp","Save","$500,000","","","Iconic Lotus Automotive Parts Supplier – $2.3M+ Retail Inventory –","San Andreas","https://www.bizquest.com/businesses-for-sale-in-san-andreas-ca/","Don't miss this tremendous value investing opportunity!","","Contact",", CA","https://www.bizquest.com/businesses-for-sale-in-california-ca/",""
"https://www.bizquest.com/business-for-sale/growing-turnkey-suburban-barre-studio-nat-l-franchise/BW2445957/","https://images.bizquest.com/shared/listings/244/2445957/e8d70722-73e0-4e3b-9457-1a73760a5de6-W336.webp","Save","$340,000","","","Growing Turnkey Suburban Barre Studio - Nat'l Franchise","San Joaquin County","https://www.bizquest.com/businesses-for-sale-in-san-joaquin-county-ca/","Jump straight into the fun part of a thriving studio!","","Contact",", CA","https://www.bizquest.com/businesses-for-sale-in-california-ca/",""
"https://www.bizquest.com/business-for-sale/established-ent-and-audiology-practice-with-longstanding-reputation/BW2433410/","https://images.bizquest.com/shared/listings/243/2433410/6c9aa65c-cdf4-411b-88ed-58b2e9a89d68-W336.webp","Save","$1,830,000","EBITDA:","Sign In to View","Established ENT & Audiology Practice with Longstanding Reputation","","https://www.bizquest.com/businesses-for-sale/","Decades?Established ENT Practice with Strong Demand and Upside","View Profit","Contact","","",""
"https://www.bizquest.com/business-for-sale/irish-pub-and-real-estate-included-a-rare-lifetime-opportunity/BW2424301/","https://images.bizquest.com/shared/listings/242/2424301/6fb40c8a-f00a-4922-8f49-4ffeb5470fc6-W336.webp","Save","$898,000","EBITDA:","Sign In to View","Irish Pub & Real Estate Included-a Rare Lifetime Opportunity","Sarasota County","https://www.bizquest.com/businesses-for-sale-in-sarasota-county-fl/","Buy This Irish Tavern","View Profit","Contact",", FL","https://www.bizquest.com/businesses-for-sale-in-florida-fl/","Financing Available"
"https://www.bizquest.com/business-for-sale/a-unique-seeded-pool-cleaning-and-repair-business-for-sale/BW2424270/","https://images.bizquest.com/shared/listings/242/2424270/e1881320-92c2-4412-9c53-f6f41ab5e991-W336.webp","Save","$345,000","Cash Flow:","Sign In to View","A Unique Seeded Pool Cleaning & Repair Business for Sale.","Tarrant County","https://www.bizquest.com/businesses-for-sale-in-tarrant-county-tx/","A pool cleaning and repair business set to scale with growth support.","View Profit","Contact",", TX","https://www.bizquest.com/businesses-for-sale-in-texas-tx/",""
"https://www.bizquest.com/class-101-franchise-for-sale/?q=%3Ff_irts%3Dfalse%26f_bfssr%3D1","https://images.bizquest.com/fnw/images/2253/2363/b5d0e420-7adc-45f7-8e30-049339985c02.png","","$50,000","","","Class 101","Available in Multiple Locations","","Helping Students Find Their Future. Class 101 takes the confusion and intimidation out of the college application process.","","","","",""
"https://www.bizquest.com/business-for-sale/dynamic-market-leading-company-grading-water-paving/BW2402686/","","Save","$15,895,000","Cash Flow:","Sign In to View","Dynamic Market Leading Company: Grading, Water, Paving","North Carolina","https://www.bizquest.com/businesses-for-sale-in-north-carolina-nc/","Dynamic Market Leading Company","View Profit","Contact","","",""
"https://www.bizquest.com/business-for-sale/alaska-contracting-company/BW2392239/","https://images.bizquest.com/shared/listings/defaultphotos/diamond/buildingother.jpg","Save","$4,500,000","","","Alaska Contracting Company","Alaska","https://www.bizquest.com/businesses-for-sale-in-alaska-ak/","Offered By Denali Business Advisors","","Contact","","",""
"https://www.bizquest.com/business-for-sale/nationally-recognized-market-research-and-digital-analysis-firm/BW2373945/","https://images.bizquest.com/shared/listings/237/2373945/9ad3ad7e-13c4-4a94-a9f9-07e9c665f9f1-W336.jpg","Save","","Cash Flow:","Sign In to View","Nationally Recognized Market Research and Digital Analysis Firm","Maryland","https://www.bizquest.com/businesses-for-sale-in-maryland-md/","Recurring revenue, 1-2 years contracts with 90% retention rate","View Profit","Contact","","",""
"https://www.bizquest.com/business-for-sale/500k-price-reduction-established-auto-repair-shop-with-real-estate/BW2356350/","","Save","$2,800,000","","","[$500K Price Reduction!] Established Auto Repair Shop with Real Estate","Signal Hill","https://www.bizquest.com/businesses-for-sale-in-signal-hill-ca/","Turnkey Operation with Growth Potential of 2-3X!","","Contact",", CA","https://www.bizquest.com/businesses-for-sale-in-california-ca/",""
"https://www.bizquest.com/business-for-sale/lakeside-estate-multi-business-private-luxury-fingerlakes/BW2356283/","","Save","$9,230,000","","","Lakeside Estate. Multi-Business, Private Luxury, FingerLakes","Burdett","https://www.bizquest.com/businesses-for-sale-in-burdett-ny/","112 acres, 8 bldgs, stocked pond, no zoning, All Lake View.","","Contact",", NY","https://www.bizquest.com/businesses-for-sale-in-new-york-ny/",""
"https://www.bizquest.com/image-studios-franchise-for-sale/?q=%3Ff_irts%3Dfalse%26f_bfssr%3D1","https://images.bizquest.com/fnw/images/3075/3241/a5c57b7a-972d-4493-b61b-514a151da6be.png","","$750,000","","","IMAGE Studios","Available in Multiple Locations","","Own a recurring revenue business leasing private studio suites to beauty and wellness professionals.","","","","",""
"","","","","","","","10 Sold","","","","Contact Broker","","",""
"https://www.bizquest.com/business-for-sale/high-growth-saas-email-infrastructure-platform/BW2365471/","https://images.bizquest.com/shared/listings/236/2365471/de500ff6-7aea-43cb-a4f7-627e31be15f1-W336.png","Save","$1,100,000","Cash Flow:","Sign In to View","High Growth SaaS Email Infrastructure Platform","New York","https://www.bizquest.com/businesses-for-sale-in-new-york-ny/","Recurring Revenue, High Margins, Scalable, Remote-Operated","View Profit","Contact",", NY","https://www.bizquest.com/businesses-for-sale-in-new-york-ny/","Financing Available"
"https://www.bizquest.com/business-for-sale/amazon-fba-kids-brand-7-2k-monthly-profit-low-overhead/BW2362711/","https://images.bizquest.com/shared/listings/236/2362711/ffb446ec-5226-4c82-a52e-3163417e1e5d-W336.png","Save","$209,817","Cash Flow:","Sign In to View","Amazon FBA Kids Brand – $7.2K Monthly Profit – Low Overhead","Dallas","https://www.bizquest.com/businesses-for-sale-in-dallas-tx/","Reliable income from top-selling kids’ products","View Profit","Contact",", TX","https://www.bizquest.com/businesses-for-sale-in-texas-tx/",""
"https://www.bizquest.com/business-for-sale/3-rest-franchised-package-established-mexican-qsr-200k-ebitda/BW2343082/","","Save","$799,000","EBITDA:","Sign In to View","3-Rest. Franchised Package - Established Mexican QSR - $200k + EBITDA","St Lucie County","https://www.bizquest.com/businesses-for-sale-in-st-lucie-county-fl/","Own an established, franch. QSR with growth potential & strong cflow","View Profit","Contact",", FL","https://www.bizquest.com/businesses-for-sale-in-florida-fl/",""
"https://www.bizquest.com/business-for-sale/b2b-print-promo-and-marketing-business/BW2291942/","","Save","$75,000","","","B2B Print, Promo & Marketing Business","Montpelier","https://www.bizquest.com/businesses-for-sale-in-montpelier-vt/","Long Established Business w/ Repeat Accounts & a Great Reputation","","Contact",", VT","https://www.bizquest.com/businesses-for-sale-in-vermont-vt/",""
"https://www.bizquest.com/business-for-sale/bandb-beautiful-and-beachy/BW2266586/","","Save","$3,250,000","Cash Flow:","Sign In to View","B&B - Beautiful & Beachy","Fernandina Beach","https://www.bizquest.com/businesses-for-sale-in-fernandina-beach-fl/","Beautiful and Beachy","View Profit","Contact",", FL","https://www.bizquest.com/businesses-for-sale-in-florida-fl/",""
"https://www.bizquest.com/business-for-sale/investment-and-potential-development-opportunity/BW2223065/","","Save","$4,995,000","","","Investment & Potential Development Opportunity","Stowe","https://www.bizquest.com/businesses-for-sale-in-stowe-vt/","Turnkey Hospitality Property","","Contact",", VT","https://www.bizquest.com/businesses-for-sale-in-vermont-vt/",""
"https://www.bizquest.com/business-for-sale/pepperidge-farm-goldmine/BW2179633/","","Save","$513,000","Cash Flow:","Sign In to View","Pepperidge Farm Goldmine","New York","https://www.bizquest.com/businesses-for-sale-in-new-york-ny/","Four day work week.","View Profit","Contact",", NY","https://www.bizquest.com/businesses-for-sale-in-new-york-ny/","Financing Available"
"https://www.bizquest.com/business-for-sale/downtown-las-vegas-restaurant-businesses-for-sale-owner-financing/BW2103335/","","Save","$100,000","","","Downtown Las Vegas restaurant businesses for sale owner financing","Las Vegas","https://www.bizquest.com/businesses-for-sale-in-las-vegas-nv/","Letter of intent","","Contact",", NV","https://www.bizquest.com/businesses-for-sale-in-nevada-nv/","Financing Available"
"https://www.bizquest.com/business-for-sale/19-route-fedex-pandd-operation-695k-cash-flow-fleet-included/BW2479186/","","Save","$2,290,000","Cash Flow:","Sign In to View","19 Route FedEx P&D Operation | $695K Cash Flow | Fleet Included","Brainerd","https://www.bizquest.com/businesses-for-sale-in-brainerd-mn/","Established FedEx P&D Operation with Management Team in Place","View Profit","Contact",", MN","https://www.bizquest.com/businesses-for-sale-in-minnesota-mn/","Financing Available"
"https://www.bizquest.com/business-for-sale/enterprise-hospitality-saas-remote-scalable-f500-partnerships/BW2479155/","","Save","$1,900,000","Cash Flow:","Sign In to View","Enterprise Hospitality SaaS:  Remote, Scalable, F500 Partnerships","San Francisco","https://www.bizquest.com/businesses-for-sale-in-san-francisco-ca/","Modern, Enterprise-Grade SaaS platform with Fortune 500 Clients","View Profit","Contact",", CA","https://www.bizquest.com/businesses-for-sale-in-california-ca/",""
"https://www.bizquest.com/servicemaster-restore-franchise-for-sale/?q=%3Ff_irts%3Dfalse%26f_bfssr%3D1","","","$150,000","","","ServiceMaster Restore","Available in Multiple Locations","","Join a leading disaster restoration franchise with high franchise earnings upwards of $2.49M in average gross sales and over 65+ years of experience in the industry.","","","","",""
"https://www.bizquest.com/business-for-sale/social-media-entertainment-company/BW2479069/","","Save","$2,100,000","Cash Flow:","Sign In to View","Social Media Entertainment Company","Quebec","https://www.bizquest.com/businesses-for-sale-in-quebec/","Offline business that manages dating sites active in 12+ countries","View Profit","Contact","","","Financing Available"
"https://www.bizquest.com/business-for-sale/gorgeous-panama-city-boutique-144k-rev-full-store-set-up-inventory/BW2478981/","","Save","$60,000","Cash Flow:","Sign In to View","Gorgeous Panama City Boutique/$144K+ Rev/Full Store Set Up + Inventory","Panama City","https://www.bizquest.com/businesses-for-sale-in-panama-city-fl/","Profitable Boutique in Historic Downtown Panama City","View Profit","Contact",", FL","https://www.bizquest.com/businesses-for-sale-in-florida-fl/",""
"","","","","","","Turnkey, Rapidly Growing Party Boat Company – Nashville, TN","Nashville","https://www.bizquest.com/businesses-for-sale-in-nashville-tn/","","","",", TN","https://www.bizquest.com/businesses-for-sale-in-tennessee-tn/",""
"https://www.bizquest.com/business-for-sale/gas-station-c-store-wright-county-gross-sales-1-3m/BW2478940/","","Save","$390,000","Cash Flow:","Sign In to View","Gas Station/C-Store Wright County - Gross Sales $1.3M","Wright County","https://www.bizquest.com/businesses-for-sale-in-wright-county-mn/","Own a well-established gas station/convenience store with property, 1 hour west","View Profit","Contact",", MN","https://www.bizquest.com/businesses-for-sale-in-minnesota-mn/",""
"https://www.bizquest.com/business-for-sale/weight-loss-med-spa/BW2478920/","","Save","$375,000","","","Weight Loss Med Spa","Hamilton County","https://www.bizquest.com/businesses-for-sale-in-hamilton-county-tn/","A modern, medically guided path to sustainable weight loss","","Contact",", TN","https://www.bizquest.com/businesses-for-sale-in-tennessee-tn/",""
"https://www.bizquest.com/business-for-sale/turnkey-modern-restaurant-in-new-oasis-hallandale-development/BW2478700/","","Save","$1,250,000","Cash Flow:","Sign In to View","Turnkey Modern Restaurant in New Oasis Hallandale Development","Hallandale","https://www.bizquest.com/businesses-for-sale-in-hallandale-fl/","Brand-New Buildout in Oasis Hallandale Mixed-Use Development with","View Profit","Contact",", FL","https://www.bizquest.com/businesses-for-sale-in-florida-fl/",""
"https://www.bizquest.com/business-for-sale/turn-key-high-traffic-business-ready-for-new-owner/BW2476090/","","Save","$449,000","","","Turn-Key High Traffic Business Ready for New Owner","Millvale","https://www.bizquest.com/businesses-for-sale-in-pennsylvania-pa/","Real Estate/Liquor License Combo - STOP LEASING","","Contact",", PA","https://www.bizquest.com/businesses-for-sale-in-pennsylvania-pa/",""
"https://www.bizquest.com/business-for-sale/1-bread-route-southeastern-north-carolina/BW2467565/","","Save","$160,000","","","1 Bread Route - Southeastern North Carolina","North Carolina","https://www.bizquest.com/businesses-for-sale-in-north-carolina-nc/","Take the dough and rise to success while generating consistent we","","Contact","","",""
"https://www.bizquest.com/business-for-sale/established-business-brokerage-business/BW2467263/","","Save","$69,500","","","Established Business Brokerage Business","Pierce County","https://www.bizquest.com/businesses-for-sale-in-pierce-county-wa/","Step Into a Respected Business Brokerage Network","","Contact",", WA","https://www.bizquest.com/businesses-for-sale-in-washington-wa/",""
"https://www.bizquest.com/business-for-sale/b2b-print-promotional-and-marketing-business-high-cashflow/BW2466839/","","Save","$3,700,000","Cash Flow:","Sign In to View","B2B, Print, Promotional & Marketing Business - High Cashflow","Butte County","https://www.bizquest.com/businesses-for-sale-in-butte-county-ca/","High Volume and Well-Est. B2B Service Provider - Butte County","View Profit","Contact",", CA","https://www.bizquest.com/businesses-for-sale-in-california-ca/","Financing Available"
"https://www.bizquest.com/homewatch-caregivers-franchise-for-sale/?q=%3Ff_irts%3Dfalse%26f_bfssr%3D1","","","$80,000","","","Homewatch Caregivers","Available in Multiple Locations","","Recognized in the 2026 Entrepreneur Franchise 500, Homewatch CareGivers is a recession resilient in-home care franchise where owners average $2,552,023** in gross revenue while building meaningful, impact driven usinesses. -resilient in-home care franchise where owners average $2,552,023-driven businesses.","","","","",""
"https://www.bizquest.com/business-for-sale/management-team-in-place-sba-ready-real-estate-available-for-sale/BW2448094/","","Save","$1,050,000","Cash Flow:","Sign In to View","Management Team in PLace, SBA-Ready, Real Estate available for sale","Contra Costa County","https://www.bizquest.com/businesses-for-sale-in-contra-costa-county-ca/","Profitable, turnkey operation with loyal customers","View Profit","Contact",", CA","https://www.bizquest.com/businesses-for-sale-in-california-ca/",""
"https://www.bizquest.com/business-for-sale/turnkey-hot-pot-restaurant-unbeatable-location-in-rowland-heights/BW2439207/","","Save","$290,000","","","Turnkey Hot Pot Restaurant- Unbeatable Location in Rowland Heights","Rowland Heights","https://www.bizquest.com/businesses-for-sale-in-rowland-heights-ca/","Seller Motivated","","Contact",", CA","https://www.bizquest.com/businesses-for-sale-in-california-ca/",""
"","","","","","","Longstanding Early Learning Facility with Proven Financial Performance","Boise","https://www.bizquest.com/businesses-for-sale-in-boise-id/","","","",", ID","https://www.bizquest.com/businesses-for-sale-in-idaho-id/",""
"https://www.bizquest.com/business-for-sale/iconic-shabu-shabu-restaurant-for-sale-arcadia-ca/BW2438959/","","Save","$188,000","","","Iconic Shabu Shabu Restaurant for Sale – Arcadia, CA","Arcadia","https://www.bizquest.com/businesses-for-sale-in-arcadia-ca/","Seller Motivated","","Contact",", CA","https://www.bizquest.com/businesses-for-sale-in-california-ca/",""
"https://www.bizquest.com/business-for-sale/bloomington-columbus-in-highly-profitable-home-care-company/BW2438606/","","Save","$10,700,000","Cash Flow:","Sign In to View","Bloomington/Columbus IN - Highly Profitable Home Care Company","Bloomington","https://www.bizquest.com/businesses-for-sale-in-bloomington-in/","Strong SDE, Tenured Team, Prime Senior Market","View Profit","Contact",", IN","https://www.bizquest.com/businesses-for-sale-in-indiana-in/","Financing Available"
"https://www.bizquest.com/business-for-sale/multi-unit-kidstrong-franchise-opportunity-in-texas/BW2432271/","","Save","$5,000,000","EBITDA:","Sign In to View","Multi-Unit KidStrong Franchise Opportunity in Texas","Williamson County","https://www.bizquest.com/businesses-for-sale-in-williamson-county-tx/","7 Established Units | Recurring Revenue | Texas Growth Market","View Profit","Contact",", TX","https://www.bizquest.com/businesses-for-sale-in-texas-tx/",""
"https://www.bizquest.com/business-for-sale/digital-traffic-intermediary-business-with-enterprise-clients/BW2422281/","","Save","$1,150,000","Cash Flow:","Sign In to View","Digital Traffic Intermediary Business with Enterprise Clients","Columbia","https://www.bizquest.com/businesses-for-sale-in-columbia-mo/","Fully remote business with significant growth potential","View Profit","Contact",", MO","https://www.bizquest.com/businesses-for-sale-in-missouri-mo/","Financing Available"
"https://www.bizquest.com/business-for-sale/dominant-south-florida-kitchen-and-bath-stores/BW2421232/","","Save","$2,899,999","Cash Flow:","Sign In to View","Dominant South Florida Kitchen & Bath Stores","Pembroke Pines","https://www.bizquest.com/businesses-for-sale-in-pembroke-pines-fl/","3 fully built-out showrooms, 300+ 5-star reviews,close to $1M/year SDE","View Profit","Contact",", FL","https://www.bizquest.com/businesses-for-sale-in-florida-fl/",""
"https://www.bizquest.com/business-for-sale/modular-home-dealer/BW2420379/","","Save","$975,000","Cash Flow:","Sign In to View","Modular Home Dealer","Parker","https://www.bizquest.com/businesses-for-sale-in-parker-co/","Established and specializing in turnkey housing solutions","View Profit","Contact",", CO","https://www.bizquest.com/businesses-for-sale-in-colorado-co/",""
"https://www.bizquest.com/business-for-sale/premier-greater-lexington-painting-and-remodeling-business-for-sale/BW2419912/","","Save","$1,700,000","Cash Flow:","Sign In to View","Premier Greater Lexington Painting & Remodeling Business for Sale","Fayette County","https://www.bizquest.com/businesses-for-sale-in-fayette-county-ky/","High-Margin Painting & Remodeling Leader – 30+ Year Legacy","View Profit","Contact",", KY","https://www.bizquest.com/businesses-for-sale-in-kentucky-ky/","Financing Available"
"https://www.bizquest.com/vitality-bowls-franchise-for-sale/?q=%3Ff_irts%3Dfalse%26f_bfssr%3D1","","","$75,000","","","Vitality Bowls","Available in Multiple Locations","","Roy and Tara Gilad founded Vitality Bowls in 2011 to bring healthy, allergy-safe food to communities. Today, it’s a nationally recognized, award-winning franchise.","","","","",""
"https://www.bizquest.com/business-for-sale/elegante-salon-de-fiestas-infantiles-a-la-venta-en-el-doral/BW2419615/","","Save","$250,000","","","Elegante salon de fiestas infantiles a la venta en el Doral","Doral","https://www.bizquest.com/businesses-for-sale-in-florida-fl/","Magic place Doral","","Contact",", FL","https://www.bizquest.com/businesses-for-sale-in-florida-fl/",""
"https://www.bizquest.com/business-for-sale/22-fedex-pandd-routes-western-new-york/BW2409205/","","Save","$1,500,000","Cash Flow:","Sign In to View","22 FedEx P&D Routes - Western New York","New York","https://www.bizquest.com/businesses-for-sale-in-new-york-ny/","Deliver profits to your doorstep with this lucrative operation!","View Profit","Contact","","",""
"","","","","","","Craft Drink & Pastry Business with One-of-A-Kind Concept","Idaho Falls","https://www.bizquest.com/businesses-for-sale-in-idaho-falls-id/","","","",", ID","https://www.bizquest.com/businesses-for-sale-in-idaho-id/",""
"https://www.bizquest.com/business-for-sale/profitable-amazon-fba-supplement-portfolio-11-8k-monthly-profit/BW2398622/","","Save","$308,041","Cash Flow:","Sign In to View","Profitable Amazon FBA Supplement Portfolio – $11.8K Monthly Profit","Spring","https://www.bizquest.com/businesses-for-sale-in-spring-tx/","Lean, Profitable Amazon FBA Brand with 30% Net Margins","View Profit","Contact",", TX","https://www.bizquest.com/businesses-for-sale-in-texas-tx/",""
"https://www.bizquest.com/business-for-sale/2-6m-revenue-home-rehab-staffing-company-270k-aebitda-se-us/BW2386846/","","Save","$1,500,000","EBITDA:","Sign In to View","$2.6M Revenue Home Rehab Staffing Company, $270K AEBITDA - SE US","","https://www.bizquest.com/businesses-for-sale/","Serving 50+ Home Care Agencies with 80+ providers (PT, PTA, OT, OTA)","View Profit","Contact","","",""
"https://www.bizquest.com/home-matters-franchise-for-sale/?q=%3Ff_irts%3Dfalse%26f_bfssr%3D1","","","$50,000","","","Home Matters","Available in Multiple Locations","","Home Matters is a leader in the senior care industry offering an innovative nurse-guided care model with advanced care technology for superior care.","","","","",""
"https://www.bizquest.com/business-for-sale/michigan-chair-co-bending-hardwood-for-three-generations/BW2385641/","","Save","$300,000","","","MICHIGAN CHAIR CO  Bending Hardwood for three generations","Howard City","https://www.bizquest.com/businesses-for-sale-in-howard-city-mi/","""Hardwood Bending"" with perfection to customer specifications","","Contact",", MI","https://www.bizquest.com/businesses-for-sale-in-michigan-mi/",""
"https://www.bizquest.com/business-for-sale/collectible-toy-vending-a-passive-income-machine-4-5k-per-month/BW2377990/","","Save","$30,000","Cash Flow:","Sign In to View","Collectible Toy Vending - A Passive Income Machine! $4.5K+ Per Month","Missoula","https://www.bizquest.com/businesses-for-sale-in-missoula-mt/","Seize Your Fortune: The Last Vending Business You'll Ever Need!","View Profit","Contact",", MT","https://www.bizquest.com/businesses-for-sale-in-montana-mt/",""
"https://www.bizquest.com/business-for-sale/commercial-heating-air-conditioning-and-refrigeration-company-for-sale/BW2355060/","","Save","$166,900","","","Commercial Heating, Air Conditioning  & Refrigeration Company For Sale","Alsip","https://www.bizquest.com/businesses-for-sale-in-alsip-il/","A Suburban Home Office Serving Chicagoland and Its Suburbs","","Contact",", IL","https://www.bizquest.com/businesses-for-sale-in-illinois-il/",""
"https://www.bizquest.com/business-for-sale/collectible-toy-vending-a-passive-income-machine-4-5k-per-month/BW2328039/","","Save","$30,000","Cash Flow:","Sign In to View","Collectible Toy Vending - A Passive Income Machine! $4.5K+ Per Month","Strongsville","https://www.bizquest.com/businesses-for-sale-in-strongsville-oh/","Seize Your Fortune: The Last Vending Business You'll Ever Need!","View Profit","Contact",", OH","https://www.bizquest.com/businesses-for-sale-in-ohio-oh/",""
"https://www.bizquest.com/business-for-sale/farmers-agency-for-sale/BW2319305/","","Save","$270,000","","","Farmers Agency For Sale","Solano County","https://www.bizquest.com/businesses-for-sale-in-solano-county-ca/","Farmers Agency in Busy Location","","Contact",", CA","https://www.bizquest.com/businesses-for-sale-in-california-ca/",""
"https://www.bizquest.com/business-for-sale/branded-retail-apparel-and-accessory-stores/BW2271507/","","Save","$1,700,000","Cash Flow:","Sign In to View","Branded Retail Apparel and Accessory Stores","Watersound","https://www.bizquest.com/businesses-for-sale-in-florida-fl/","Exclusive apparel rights in most heavily visited venue on 30A","View Profit","Contact",", FL","https://www.bizquest.com/businesses-for-sale-in-florida-fl/","Financing Available"
"https://www.bizquest.com/business-for-sale/19-24-fedex-pandd-routes/BW2119454/","","Save","$3,000,000","Cash Flow:","Sign In to View","19-24 FedEx P&D Routes","Papillion","https://www.bizquest.com/businesses-for-sale-in-papillion-ne/","Major upside with contingency contracting, favorable 2.0 contract.","View Profit","Contact",", NE","https://www.bizquest.com/businesses-for-sale-in-nebraska-ne/",""
"","","","","","","San Diego Mail & Print Marketing Company – Seller Financing Available","San Diego County","https://www.bizquest.com/businesses-for-sale-in-san-diego-county-ca/","","","",", CA","https://www.bizquest.com/businesses-for-sale-in-california-ca/",""
"https://www.bizquest.com/business-for-sale/custom-storage-solutions-business/BW2478758/","","Save","$325,000","Cash Flow:","Sign In to View","Custom Storage Solutions Business","Norwalk","https://www.bizquest.com/businesses-for-sale-in-norwalk-ct/","Established for 16 years; 6 figure income","View Profit","Contact",", CT","https://www.bizquest.com/businesses-for-sale-in-connecticut-ct/",""
"https://www.bizquest.com/business-for-sale/specialty-catering-and-charcuterie-business/BW2478701/","","Save","$175,000","","","Specialty Catering & Charcuterie Business","Lehigh County","https://www.bizquest.com/businesses-for-sale-in-lehigh-county-pa/","Repeat Corporate Clients & Loyal Local Following","","Contact",", PA","https://www.bizquest.com/businesses-for-sale-in-pennsylvania-pa/","Financing Available"
"https://www.bizquest.com/postnet-franchise-for-sale/?q=%3Ff_irts%3Dfalse%26f_bfssr%3D1","","","$60,000","","","PostNet","Available in Multiple Locations","","PostNet franchisees provide much needed small business print and marketing solutions.","","","","",""
"https://www.bizquest.com/business-for-sale/successful-pub-restaurant-for-sale/BW2478692/","","Save","$375,000","","","Successful pub/restaurant for sale","Queens County","https://www.bizquest.com/businesses-for-sale-in-queens-county-ny/","Neighborhood institution","","Contact",", NY","https://www.bizquest.com/businesses-for-sale-in-new-york-ny/",""
"https://www.bizquest.com/business-for-sale/downtown-boutique-with-events-online-store-and-30k-customer-list/BW2478682/","","Save","$48,000","Cash Flow:","Sign In to View","Downtown Boutique with Events, Online Store & 30K Customer List","Columbia","https://www.bizquest.com/businesses-for-sale-in-columbia-mo/","Turnkey Destination Boutique with Loyal Customers & Growth Potential","View Profit","Contact",", MO","https://www.bizquest.com/businesses-for-sale-in-missouri-mo/",""
"https://www.bizquest.com/business-for-sale/grocery-store-plaza-45k-inside-sales-20k-coam-jonesboro-ga/BW2478649/","","Save","$1,800,000","","","Grocery Store + Plaza | $45K Inside Sales |  20k Coam- Jonesboro GA","Jonesboro","https://www.bizquest.com/businesses-for-sale-in-jonesboro-ga/","Coam 20k 1 side- Contract End December 2026","","Contact",", GA","https://www.bizquest.com/businesses-for-sale-in-georgia-ga/",""
"https://www.bizquest.com/business-for-sale/very-profitable-lite-fitness-products-online-business/BW2478611/","","Save","$80,000","Cash Flow:","Sign In to View","Very Profitable Lite Fitness Products Online Business","Los Angeles County","https://www.bizquest.com/businesses-for-sale-in-los-angeles-county-ca/","High Demand Low Touch High Demand Business-$500K+ 2025 revenues","View Profit","Contact",", CA","https://www.bizquest.com/businesses-for-sale-in-california-ca/","Financing Available"
"https://www.bizquest.com/business-for-sale/auto-repair-shop-with-re-6-bays-in-prime-location/BW2478486/","","Save","$250,000","Cash Flow:","Sign In to View","Auto Repair shop with RE, 6 bays in Prime Location","Hennepin County","https://www.bizquest.com/businesses-for-sale-in-hennepin-county-mn/","Own a Well Established Auto Repair Business with Property in the south metro!","View Profit","Contact",", MN","https://www.bizquest.com/businesses-for-sale-in-minnesota-mn/","Financing Available"
"https://www.bizquest.com/business-for-sale/engineering-and-product-development-firm-serving-medical-device-industry/BW2478482/","","Save","$1,000,000","Cash Flow:","Sign In to View","Engineering & Product Development Firm Serving Medical Device Industry","Anoka County","https://www.bizquest.com/businesses-for-sale-in-anoka-county-mn/","Great Opportunity!","View Profit","Contact",", MN","https://www.bizquest.com/businesses-for-sale-in-minnesota-mn/",""
"","","","","","","","10 Sold","","","","Contact Broker","","",""
"https://www.bizquest.com/business-for-sale/home-siding-improvement-business-in-kelowna-bc/BW2478441/","","Save","","Cash Flow:","Sign In to View","Home Siding Improvement Business in Kelowna, BC","West Kelowna","https://www.bizquest.com/businesses-for-sale-in-west-kelowna-bc/","Own a siding renovation business without ever picking up a hammer","View Profit","Contact",", BC","https://www.bizquest.com/businesses-for-sale-in-british-columbia/",""
"https://www.bizquest.com/business-for-sale/fully-online-womens-boutique-143k-rev-53k-sde-3k-app-downloads/BW2478438/","","Save","$120,000","Cash Flow:","Sign In to View","Fully Online Women's Boutique/$143K+ Rev/$53K+ SDE/3K+ App Downloads","Gastonia","https://www.bizquest.com/businesses-for-sale-in-gastonia-nc/","Profitable Online Boutique With Tons of Growth Potential Untapped","View Profit","Contact",", NC","https://www.bizquest.com/businesses-for-sale-in-north-carolina-nc/",""
"https://www.bizquest.com/business-for-sale/live-on-lake-winnisquam-and-run-your-very-own-bed-and-breakfast/BW2478433/","","Save","$2,999,999","","","Live on Lake Winnisquam and run your very own Bed and Breakfast!","Sanbornton","https://www.bizquest.com/businesses-for-sale-in-sanbornton-nh/","Turn key B&B with private beach, dock and gorgeous lake views!","","Contact",", NH","https://www.bizquest.com/businesses-for-sale-in-new-hampshire-nh/","Financing Available"
"https://www.bizquest.com/servicemaster-clean-franchise-for-sale/?q=%3Ff_irts%3Dfalse%26f_bfssr%3D1","","","$100,000","","","ServiceMaster Clean","Available in Multiple Locations","","Join one of America's first franchises in commercial cleaning with 65+ years of experience in the industry. Low startup capital and high earning potential upwards of $1.97M in average gross sales.","","","","",""
"https://www.bizquest.com/business-for-sale/profitable-georgia-personal-care-platform-650k-earnings-72-beds/BW2478386/","https://images.bizquest.com/shared/listings/247/2478386/283df7e7-d132-4c3f-95bb-47a927d30c79-W336.webp","Save","","Cash Flow:","Sign In to View","Profitable Georgia Personal Care Platform | $650K Earnings | 72 Beds","Georgia","https://www.bizquest.com/businesses-for-sale-in-georgia-ga/","Established Southeast Personal Care Home Platform | 3 Locations","View Profit","Contact","","",""
"https://www.bizquest.com/business-for-sale/franchised-juice-bar-100-employee-run-hacienda-heights-area/BW2478281/","https://images.bizquest.com/shared/listings/247/2478281/28a7ebf7-6b93-45d7-a49a-e9211246d8f1-W336.webp","Save","$300,000","","","Franchised Juice Bar - 100% Employee Run - Hacienda Heights Area","Los Angeles County","https://www.bizquest.com/businesses-for-sale-in-los-angeles-county-ca/","Juice Bar Franchise- 100% Employee Run - Hacienda Heights Area","","Contact",", CA","https://www.bizquest.com/businesses-for-sale-in-california-ca/",""
"https://www.bizquest.com/business-for-sale/scalable-reproductive-health-services-platform-business/BW2477369/","","Save","$800,000","Cash Flow:","Sign In to View","Scalable Reproductive Health Services Platform Business","Ohio","https://www.bizquest.com/businesses-for-sale-in-ohio-oh/","Established Care Model | Growing Demand | Expansion Ready","View Profit","Contact","","","Financing Available"
"https://www.bizquest.com/business-for-sale/22-year-national-franchise-16-units-233k-sde-recurring-royalties/BW2474540/","","Save","$730,000","Cash Flow:","Sign In to View","22+ Year National Franchise (16 Units) $233K SDE - Recurring Royalties","Dallas County","https://www.bizquest.com/businesses-for-sale-in-dallas-county-tx/","Earn ~$20K/Month in Royalties | Established National Brand","View Profit","Contact",", TX","https://www.bizquest.com/businesses-for-sale-in-texas-tx/",""
"https://www.bizquest.com/business-for-sale/perspire-sauna-studio-portfolio-3-iowa-locations/BW2470016/","","Save","$705,000","","","Perspire Sauna Studio Portfolio: 3 Iowa Locations","West Des Moines","https://www.bizquest.com/businesses-for-sale-in-west-des-moines-ia/","Premium Wellness Portfolio: 3 Turnkey Studios","","Contact",", IA","https://www.bizquest.com/businesses-for-sale-in-iowa-ia/","Financing Available"
"https://www.bizquest.com/business-for-sale/established-exterior-home-services-company/BW2468461/","","Save","$850,000","Cash Flow:","Sign In to View","Established Exterior Home Services Company","Kenton County","https://www.bizquest.com/businesses-for-sale-in-kenton-county-ky/","Strong Reputation | Loyal Customer Base | Proven Systems","View Profit","Contact",", KY","https://www.bizquest.com/businesses-for-sale-in-kentucky-ky/",""
"https://www.bizquest.com/business-for-sale/profitable-art-and-entertainment-studio-in-houston/BW2468244/","","Save","$300,000","Cash Flow:","Sign In to View","Profitable art and entertainment studio in Houston","Houston","https://www.bizquest.com/businesses-for-sale-in-houston-tx/","Franchise with great support from franchisor, operates by manager","View Profit","Contact",", TX","https://www.bizquest.com/businesses-for-sale-in-texas-tx/",""
"https://www.bizquest.com/business-for-sale/sizzler-franchise-beer-and-wine-well-established-san-fernando-valley/BW2468167/","","Save","$250,000","","","Sizzler Franchise - Beer & Wine -Well Established -San Fernando Valley","Los Angeles County","https://www.bizquest.com/businesses-for-sale-in-los-angeles-county-ca/","Sizzler Franchise with Beer & Wine -San Fernando Valley","","Contact",", CA","https://www.bizquest.com/businesses-for-sale-in-california-ca/",""
"https://www.bizquest.com/business-for-sale/essential-commercial-repair-business-management-run/BW2467320/","","Save","$735,000","Cash Flow:","Sign In to View","Essential Commercial Repair Business | Management-Run","Hamilton County","https://www.bizquest.com/businesses-for-sale-in-hamilton-county-oh/","Recurring Service Demand | Experienced Team | Turnkey Operations","View Profit","Contact",", OH","https://www.bizquest.com/businesses-for-sale-in-ohio-oh/",""
"https://www.bizquest.com/business-for-sale/b2b-print-promotional-and-marketing-business/BW2465750/","","Save","$595,000","Cash Flow:","Sign In to View","B2B, Print, Promotional & Marketing Business","Bristol County","https://www.bizquest.com/businesses-for-sale-in-bristol-county-ma/","High Volume and Well-Est. B2B Service Provider - Bristol County","View Profit","Contact",", MA","https://www.bizquest.com/businesses-for-sale-in-massachusetts-ma/","Financing Available"
"https://www.bizquest.com/mosquito-authority-franchise-for-sale/?q=%3Ff_irts%3Dfalse%26f_bfssr%3D1","","","$35,000","","","Mosquito Authority","Available in Multiple Locations","","This Recurring Revenue Business Opportunity Offers Multiple Lifestyle Options","","","","",""
"https://www.bizquest.com/business-for-sale/established-wood-products-supplier-with-50-acres-of-real-estate/BW2465702/","","Save","$699,000","Cash Flow:","Sign In to View","Established Wood Products Supplier with 50 Acres of Real Estate","","https://www.bizquest.com/businesses-for-sale/","Turnkey Operation | Extensive Land Holdings | Established Market Presence","View Profit","Contact","","","Financing Available"
"https://www.bizquest.com/business-for-sale/business-to-business-ctr-design-and-print-biz-repeat-clients/BW2464718/","","Save","$250,000","","","Business to Business Ctr - Design & Print Biz - Repeat Clients","Hennepin County","https://www.bizquest.com/businesses-for-sale-in-hennepin-county-mn/","Take this well established profitable location to the next level!","","Contact",", MN","https://www.bizquest.com/businesses-for-sale-in-minnesota-mn/",""
"","","","","","","Restaurant/Creperie-Shawarma/investor Visa E-2 Ready 100%","Sunny Isles Beach","https://www.bizquest.com/businesses-for-sale-in-florida-fl/","","","",", FL","https://www.bizquest.com/businesses-for-sale-in-florida-fl/",""
"https://www.bizquest.com/business-for-sale/full-service-custom-sign-and-graphics-franchise/BW2462929/","","Save","$349,500","Cash Flow:","Sign In to View","Full-Service Custom Sign and Graphics Franchise","Virginia","https://www.bizquest.com/businesses-for-sale-in-virginia-va/","New Opportunity With Strong Growth Potential","View Profit","Contact","","",""
"https://www.bizquest.com/business-for-sale/b2b-print-promo-and-marketing-business-south-nassau-county/BW2461688/","","Save","$695,000","Cash Flow:","Sign In to View","B2B, Print, Promo & Marketing Business- South Nassau County","Nassau County","https://www.bizquest.com/businesses-for-sale-in-nassau-county-ny/","Over 36 Years in Business - Fantastic Location","View Profit","Contact",", NY","https://www.bizquest.com/businesses-for-sale-in-new-york-ny/","Financing Available"
"https://www.bizquest.com/business-for-sale/premium-portland-med-spa-profitable-and-high-growth-potential/BW2461412/","","Save","$399,000","","","Premium Portland Med Spa – Profitable & High Growth Potential","Portland","https://www.bizquest.com/businesses-for-sale-in-portland-or/","Turnkey practice, with thousands of client!","","Contact",", OR","https://www.bizquest.com/businesses-for-sale-in-oregon-or/",""
"https://www.bizquest.com/business-for-sale/turnkey-debt-free-profitable-escape-rooms-mini-golf-business/BW2460388/","","Save","$185,000","Cash Flow:","Sign In to View","Turnkey, Debt-free, Profitable Escape Rooms + Mini Golf business","Erie","https://www.bizquest.com/businesses-for-sale-in-erie-co/","5 Escape Games, 5-Star Ratings, Main Street Location in Booming Town","View Profit","Contact",", CO","https://www.bizquest.com/businesses-for-sale-in-colorado-co/",""
"https://www.bizquest.com/business-for-sale/nationally-recognized-womens-boutique-private-label-1m-sde/BW2456050/","","Save","$4,500,000","Cash Flow:","Sign In to View","Nationally Recognized Women’s Boutique | Private Label | $1M+ SDE","Alabama","https://www.bizquest.com/businesses-for-sale-in-alabama-al/","20K SF Warehouse • High-Volume Fulfillment • Built to Scale","View Profit","Contact","","","Financing Available"
"https://www.bizquest.com/business-for-sale/35-yr-iconic-restaurant-w-500k-sde-3-6m-re-unbroker-exclusive/BW2455952/","","Save","$1,000,000","Cash Flow:","Sign In to View","35+ Yr. Iconic Restaurant w/ $500K+ SDE, $3.6M RE (Unbroker Exclusive)","Worcester County","https://www.bizquest.com/businesses-for-sale-in-worcester-county-ma/","Currently Accepting Offers on the Business","View Profit","Contact",", MA","https://www.bizquest.com/businesses-for-sale-in-massachusetts-ma/",""
"https://www.bizquest.com/business-for-sale/established-fast-casual-mediterranean-restaurant/BW2455761/","","Save","$815,000","Cash Flow:","Sign In to View","Established Fast-Casual Mediterranean Restaurant","Williamson County","https://www.bizquest.com/businesses-for-sale-in-williamson-county-tx/","Proven Concept in a High-Growth County","View Profit","Contact",", TX","https://www.bizquest.com/businesses-for-sale-in-texas-tx/","Financing Available"
"https://www.bizquest.com/oxi-fresh-carpet-cleaning-franchise-for-sale/?q=%3Ff_irts%3Dfalse%26f_bfssr%3D1","","","$40,900","","","Oxi Fresh Carpet Cleaning","Available in Multiple Locations","","Join this high-demand, Low cost of ownership, minimal overhead franchise with excellent profit potential. Enjoy large Protected Territories with discounts for expanding into additional Territories.","","","","",""
"https://www.bizquest.com/business-for-sale/high-margin-supply-chain-consultancy-w-capacity-to-scale-to-4m-rev/BW2453085/","","Save","","Cash Flow:","Sign In to View","High-Margin Supply Chain Consultancy w/ Capacity to Scale to $4M+ Rev","Pennsylvania","https://www.bizquest.com/businesses-for-sale-in-pennsylvania-pa/","Founder-Led Supply Chain Consulting Firm, $560K Adj Earnings | Debt-Fr","View Profit","Contact","","","Financing Available"
"https://www.bizquest.com/business-for-sale/rare-opportunity-towing-and-recovery-powerhouse-w-3-5m-in-assets/BW2449270/","","Save","$3,000,000","Cash Flow:","Sign In to View","Rare Opportunity-Towing & Recovery Powerhouse w/ $3.5M in Assets","","https://www.bizquest.com/businesses-for-sale/","Massive Fleet & Equipment | Essential 24/7 Services | Established Market Leader","View Profit","Contact","","",""
"","","","","","","Home Improvement Siding Business in Buffalo, NY","Buffalo","https://www.bizquest.com/businesses-for-sale-in-buffalo-ny/","","","",", NY","https://www.bizquest.com/businesses-for-sale-in-new-york-ny/",""
"https://www.bizquest.com/business-for-sale/east-end-power-route-144k-cases-strong-accounts-brand-new-depot/BW2443598/","","Save","$999,000","Cash Flow:","Sign In to View","East End Power Route – 144K Cases, Strong Accounts, Brand-New Depot","Riverhead","https://www.bizquest.com/businesses-for-sale-in-riverhead-ny/","Keurig DR Pepper Route for Sale East End LI","View Profit","Contact",", NY","https://www.bizquest.com/businesses-for-sale-in-new-york-ny/","Financing Available"
"https://www.bizquest.com/business-for-sale/b2b-marketing-print-and-promo-and-marketing-business-west-orange-county/BW2442067/","","Save","$155,000","","","B2B Marketing Print & Promo & Marketing Business - West Orange County","Orange County","https://www.bizquest.com/businesses-for-sale-in-orange-county-ca/","Every Business is a Potential Customer","","Contact",", CA","https://www.bizquest.com/businesses-for-sale-in-california-ca/",""
"https://www.bizquest.com/business-for-sale/west-indy-homebased-community-publication/BW2437876/","","Save","$225,000","Cash Flow:","Sign In to View","West Indy Homebased Community Publication","Hendricks County","https://www.bizquest.com/businesses-for-sale-in-hendricks-county-in/","Established Community Publication with 83% Advertiser Retention","View Profit","Contact",", IN","https://www.bizquest.com/businesses-for-sale-in-indiana-in/",""
"https://www.bizquest.com/business-for-sale/trailer-leasing-company-for-sale/BW2422213/","","Save","$140,000","Cash Flow:","Sign In to View","Trailer Leasing Company FOR SALE","Chicago","https://www.bizquest.com/businesses-for-sale-in-chicago-il/","Established Trailer Rental Company","View Profit","Contact",", IL","https://www.bizquest.com/businesses-for-sale-in-illinois-il/",""
"https://www.bizquest.com/business-for-sale/trusted-skincare-business/BW2422164/","","Save","$150,000","Cash Flow:","Sign In to View","Trusted Skincare Business","Austin","https://www.bizquest.com/businesses-for-sale-in-austin-tx/","17 Years in Operation","View Profit","Contact",", TX","https://www.bizquest.com/businesses-for-sale-in-texas-tx/","Financing Available"
"https://www.bizquest.com/business-for-sale/automotive-business-semi-automated-operation/BW2422131/","","Save","$150,000","Cash Flow:","Sign In to View","Automotive Business – Semi-Automated Operation","Laguna Niguel","https://www.bizquest.com/businesses-for-sale-in-laguna-niguel-ca/","Proven Revenue","View Profit","Contact",", CA","https://www.bizquest.com/businesses-for-sale-in-california-ca/","Financing Available"
"https://www.bizquest.com/business-for-sale/cabinetry-and-cnc-woodworking-business-in-southeast-florida-1969/BW2419080/","","Save","$1,100,000","Cash Flow:","Sign In to View","Cabinetry & CNC Woodworking Business in Southeast Florida #1969","Florida","https://www.bizquest.com/businesses-for-sale-in-florida-fl/","Custom Cabinetry Builder","View Profit","Contact","","",""
"https://www.bizquest.com/blue-moon-estate-sales-franchise-for-sale/?q=%3Ff_irts%3Dfalse%26f_bfssr%3D1","","","$60,000","","","Blue Moon Estate Sales","Available in Multiple Locations","","Blue Moon Estate Sales is a top-ranked franchise that strikes all the right chords with people looking to build on their success and make a difference in others' lives.","","","","",""
"https://www.bizquest.com/business-for-sale/yacht-broker-and-boat-sales-business-for-sale-1966/BW2414329/","","Save","$3,940,000","EBITDA:","Sign In to View","Yacht Broker & Boat Sales Business for Sale #1966","","https://www.bizquest.com/businesses-for-sale/","Boat Brokerage Business","View Profit","Contact","","",""
"https://www.bizquest.com/business-for-sale/established-luxury-home-design-and-sales-firm-with-exceptional-cash-flow/BW2405063/","","Save","$1,997,000","Cash Flow:","Sign In to View","Established Luxury Home Design & Sales Firm with Exceptional Cash Flow","Monterey County","https://www.bizquest.com/businesses-for-sale-in-monterey-county-ca/","Home Design Business with great financials","View Profit","Contact",", CA","https://www.bizquest.com/businesses-for-sale-in-california-ca/",""
"","","","","","","Huge opportunity. The best store to buy, store runs on autopilot..","Cumberland County","https://www.bizquest.com/businesses-for-sale-in-cumberland-county-il/","","","",", IL","https://www.bizquest.com/businesses-for-sale-in-illinois-il/",""
"https://www.bizquest.com/business-for-sale/real-estate-land-and-building-discount-and-liquidation-business/BW2402702/","","Save","$900,000","Cash Flow:","Sign In to View","Real Estate(Land & Building) - Discount and Liquidation Business","Riverside County","https://www.bizquest.com/businesses-for-sale-in-riverside-county-ca/","Discount and Liquidation Business - Real Estate(Land & Building)","View Profit","Contact",", CA","https://www.bizquest.com/businesses-for-sale-in-california-ca/",""
"https://www.bizquest.com/business-for-sale/massage-envy/BW2402006/","","Save","$200,000","","","Massage Envy","Franklin County","https://www.bizquest.com/businesses-for-sale-in-franklin-county-oh/","Two Units for sale in excellent demographic area of Columbus, Ohio","","Contact",", OH","https://www.bizquest.com/businesses-for-sale-in-ohio-oh/",""
"https://www.bizquest.com/senior-helpers-franchise-for-sale/?q=%3Ff_irts%3Dfalse%26f_bfssr%3D1","","","$60,000","","","Senior Helpers","Available Nationwide","","The premiere provider of in-home care where you can provide a lasting impact for aging adults and their families. Over 300 franchise owners! Open within 90 days!","","","","",""
"https://www.bizquest.com/business-for-sale/established-latin-restaurant-in-corona-ny-rare-on-junction-blvd/BW2387261/","","Save","$250,000","Cash Flow:","Sign In to View","Established Latin Restaurant in Corona NY - Rare!! ON Junction Blvd","Queens","https://www.bizquest.com/businesses-for-sale-in-new-york-ny/","¡Oportunidad Imperdible! Restaurante Latino en Corona NY","View Profit","Contact",", NY","https://www.bizquest.com/businesses-for-sale-in-new-york-ny/",""
"https://www.bizquest.com/business-for-sale/media-firm-w-1m-sales-and-500-clients-unbroker-exclusive/BW2379298/","","Save","$1,400,000","Cash Flow:","Sign In to View","Media Firm w/ $1M+ Sales & 500+ Clients (Unbroker Exclusive)","Rockingham County","https://www.bizquest.com/businesses-for-sale-in-rockingham-county-nh/","$20K+ MRR w/ 75% Inquiry-to-Conversion Rate | Elite Client Base","View Profit","Contact",", NH","https://www.bizquest.com/businesses-for-sale-in-new-hampshire-nh/",""
"https://www.bizquest.com/business-for-sale/sports-memorabilia-and-art-distribution-company-for-charity-support/BW2352973/","","Save","$135,000","","","Sports Memorabilia and Art Distribution Company for Charity Support","Mahwah","https://www.bizquest.com/businesses-for-sale-in-mahwah-nj/","Make Money While Giving Back to Society - Big NY Sport Names","","Contact",", NJ","https://www.bizquest.com/businesses-for-sale-in-new-jersey-nj/","Financing Available"
"https://www.bizquest.com/business-for-sale/restaurant-for-sale-3400-sq-ft-furnished-liquor-license/BW2329393/","","Save","$175,000","","","Restaurant for Sale - 3400 sq ft, Furnished, Liquor License","Middle Island","https://www.bizquest.com/businesses-for-sale-in-middle-island-ny/","100 seats, full liquor license, 2 kitchen hoods, walk in boxes","","Contact",", NY","https://www.bizquest.com/businesses-for-sale-in-new-york-ny/","Financing Available"
"https://www.bizquest.com/business-for-sale/established-juice-bar/BW2324219/","","Save","$495,000","Cash Flow:","Sign In to View","Established Juice Bar","Woodbridge","https://www.bizquest.com/businesses-for-sale-in-woodbridge-nj/","Profitable Juice Bar","View Profit","Contact",", NJ","https://www.bizquest.com/businesses-for-sale-in-new-jersey-nj/",""
"https://www.bizquest.com/business-for-sale/profitable-and-established-daycare-center-turnkey-opportunity/BW2478342/","","Save","$600,000","","","Profitable & Established Daycare Center – Turnkey Opportunity","Fort Bend County","https://www.bizquest.com/businesses-for-sale-in-fort-bend-county-tx/","Prime opportunity to own a respected daycare business.","","Contact",", TX","https://www.bizquest.com/businesses-for-sale-in-texas-tx/",""
"https://www.bizquest.com/business-for-sale/lucrative-insulation-business-essential-and-great-margins/BW2478308/","","Save","$195,000","Cash Flow:","Sign In to View","Lucrative Insulation Business - Essential & Great Margins","Memphis","https://www.bizquest.com/businesses-for-sale-in-memphis-tn/","Recession Resistant & AI Proof","View Profit","Contact",", TN","https://www.bizquest.com/businesses-for-sale-in-tennessee-tn/",""
"","","","","","","Automotive Detailing Supplies","Cobb County","https://www.bizquest.com/businesses-for-sale-in-cobb-county-ga/","","","",", GA","https://www.bizquest.com/businesses-for-sale-in-georgia-ga/",""
"https://www.bizquest.com/business-for-sale/nashville-style-established-restaurant-for-sale-turnkey-opportunity/BW2478265/","","Save","$290,000","","","Nashville style -Established Restaurant for Sale – Turnkey Opportunity","Richmond","https://www.bizquest.com/businesses-for-sale-in-richmond-tx/","Business-only sale – lease in place and transferable","","Contact",", TX","https://www.bizquest.com/businesses-for-sale-in-texas-tx/",""
"https://www.bizquest.com/business-for-sale/40-years-well-established-private-label-skincare-distributor/BW2478174/","","Save","$150,000","","","40 + Years Well Established Private Label Skincare Distributor","Tulsa","https://www.bizquest.com/businesses-for-sale-in-tulsa-ok/","Distribution in 40 states with potential growth","","Contact",", OK","https://www.bizquest.com/businesses-for-sale-in-oklahoma-ok/",""
"https://www.bizquest.com/bodybar-pilates-franchise-for-sale/?q=%3Ff_irts%3Dfalse%26f_bfssr%3D1","","","$250,000","","","BODYBAR Pilates","Available in Multiple Locations","","Transformative Pilates workouts meets turnkey franchise system in a booming wellness market.","","","","",""
"https://www.bizquest.com/business-for-sale/exceptional-dog-boarding-and-daycare-business/BW2478163/","","Save","$995,000","","","Exceptional Dog Boarding and Daycare Business","Hudson","https://www.bizquest.com/businesses-for-sale-in-hudson-fl/","A Thriving, Trusted Haven for Happy Pups","","Contact",", FL","https://www.bizquest.com/businesses-for-sale-in-florida-fl/",""
"https://www.bizquest.com/business-for-sale/prime-campus-location-restaurant-bar-near-uc-davis-4-500-sf/BW2478147/","","Save","$150,000","Cash Flow:","Sign In to View","Prime Campus Location Restaurant/Bar Near UC Davis – 4,500 SF","Davis","https://www.bizquest.com/businesses-for-sale-in-davis-ca/","Fully Remodeled Restaurant & Bar in High-Traffic UC Davis Area","View Profit","Contact",", CA","https://www.bizquest.com/businesses-for-sale-in-california-ca/",""
"https://www.bizquest.com/business-for-sale/sba-pre-qualified-ecommerce-brand-appliance-parts-b2b-and-dtc/BW2478120/","","Save","$8,000,000","Cash Flow:","Sign In to View","SBA Pre-Qualified eCommerce Brand | Appliance Parts | B2B & DTC","Tampa","https://www.bizquest.com/businesses-for-sale-in-tampa-fl/","18-Year Brand | Exclusive SKU Strategy | 50% Proprietary Designs","View Profit","Contact",", FL","https://www.bizquest.com/businesses-for-sale-in-florida-fl/","Financing Available"
"https://www.bizquest.com/business-for-sale/farmers-insurance-agency-for-sale/BW2478040/","","Save","","Cash Flow:","Sign In to View","Farmers Insurance Agency for Sale","Albuquerque","https://www.bizquest.com/businesses-for-sale-in-albuquerque-nm/","Established Insurance Book of Business","View Profit","Contact",", NM","https://www.bizquest.com/businesses-for-sale-in-new-mexico-nm/","Financing Available"
"https://www.bizquest.com/business-for-sale/grocery-store-property-in-central-mn-lake-country-gross-sales-2-6m/BW2477981/","","Save","$495,000","Cash Flow:","Sign In to View","Grocery Store/Property in Central MN-Lake Country Gross Sales $2.6M","Minnesota","https://www.bizquest.com/businesses-for-sale-in-minnesota-mn/","Great Opportunity to own a grocery store in Minnesota Lake Country","View Profit","Contact","","",""
"https://www.bizquest.com/business-for-sale/boutique-reformer-pilates-studio/BW2477862/","","Save","$245,000","","","Boutique Reformer Pilates Studio","Bonita Springs","https://www.bizquest.com/businesses-for-sale-in-bonita-springs-fl/","Complete with all essential Pilates equipment","","Contact",", FL","https://www.bizquest.com/businesses-for-sale-in-florida-fl/","Financing Available"
"https://www.bizquest.com/business-for-sale/high-end-gold-coast-restaurant-stunning-buildout-hudson-county/BW2476740/","","Save","$1,195,000","","","High-End Gold Coast Restaurant – Stunning Buildout – Hudson County","Hudson County","https://www.bizquest.com/businesses-for-sale-in-hudson-county-nj/","Premier Restaurant & Bar - Affluent Area","","Contact",", NJ","https://www.bizquest.com/businesses-for-sale-in-new-jersey-nj/",""
"https://www.bizquest.com/business-for-sale/education-and-event-subscription-based-platform-97k-mrr/BW2476241/","","Save","$2,680,000","Cash Flow:","Sign In to View","Education and Event Subscription-Based Platform | $97K MRR","New York","https://www.bizquest.com/businesses-for-sale-in-new-york-ny/","241% Revenue and 291% SDE Growth | Over 5K Members | Custom SaaS","View Profit","Contact","","",""
"https://www.bizquest.com/business-for-sale/chinese-restaurant-with-lottery/BW2467714/","","Save","$425,000","","","Chinese Restaurant with Lottery","Milwaukie","https://www.bizquest.com/businesses-for-sale-in-oregon-or/","Popular well know establishment!","","Contact",", OR","https://www.bizquest.com/businesses-for-sale-in-oregon-or/","Financing Available"
"https://www.bizquest.com/steri-clean-franchise-for-sale/?q=%3Ff_irts%3Dfalse%26f_bfssr%3D1","","","$65,000","","","Steri-Clean","Available in Multiple Locations","","Steri-Clean is a leader in Hoarding and Biohazard Remediation Services, with offerings ranging from crime scene cleanup to hoarding remediation, infection control, and more.","","","","",""