"MuiTypography-root href","MuiBox-root","MuiBox-root src","MuiTypography-root href 2","MuiTypography-root","MuiTypography-root 2","MuiTypography-root 4","mui-ytumd6","MuiTypography-root 5","MuiTypography-root 6","mui-1g6lqec","MuiButtonBase-root","MuiTypography-root 7","MuiTypography-root 8","MuiButtonBase-root href"
"https://www.costco.com/acer-predator-x27u-a1---27-qd-oled-wqhd-2560-x-1440---280hz--003ms---freesync-premium-pro---gaming-monitor.product.4000393092.html","Acer Predator X27U A1 - 27"" QD-OLED WQHD (2560 x 1440) - 280Hz – 0.03ms - FreeSync Premium Pro - Gaming Monitor","https://bfasset.costco-static.com/U447IH35/as/q48844j33jwp8xkjx38k4km4/4000393092-847__1?auto=webp&format=jpg&width=350&height=350&fit=bounds&canvas=350,350","https://www.costco.com/s?keyword=online%20only","Online Only","$379.97","()","10","Delivery","Available","Compare","Add to Cart","","",""
"https://www.costco.com/bosch-300-series-recessed-handle-stainless-steel-tub-dishwasher-46-dba.product.4000339035.html","Bosch 300 Series Recessed Handle Stainless Steel Tub Dishwasher, 46 dBA","https://bfasset.costco-static.com/U447IH35/as/mqgx648sjgcbq6bmvkq92r/4000339035-847__1?auto=webp&format=jpg&width=350&height=350&fit=bounds&canvas=350,350","https://www.costco.com/s?keyword=online%20only","Online Only","Members Only","()","34","Delivery","Available","Compare","Sign In for Details","Costco Direct","",""
"https://www.costco.com/lg-65-class---mini-led-qned-evo-ai-qned91-series---4k-smart-tv---allstate-3-year-protection-plan-bundle-included-for-5-years-of-total-coverage.product.4000396265.html","LG 65"" Class - Mini LED QNED evo AI QNED91 Series - 4K Smart TV - Allstate 3-Year Protection Plan Bundle Included For 5 Years of Total Coverage*","https://bfasset.costco-static.com/U447IH35/as/xmfh9hsbvjxjtbbggnxqw9nk/4000396265-847__1?auto=webp&format=jpg&width=350&height=350&fit=bounds&canvas=350,350","https://www.costco.com/s?keyword=online%20only","Online Only","Members Only","()","2","Delivery","Available","Compare","Sign In for Details","Costco Direct","",""
"https://www.costco.com/lenovo-ideacentre-27-all-in-one-touchscreen-desktop---amd-ryzen-5-8645hs---1920-x-1080---windows-11-home---16gb-ram---1tb-ssd.product.4000362386.html","Lenovo IdeaCentre 27"" All-in-One Touchscreen Desktop - AMD Ryzen 5 8645HS - (1920 x 1080) - Windows 11 Home - 16GB RAM - 1TB SSD","https://bfasset.costco-static.com/U447IH35/as/qhms7gqvnzgtvs56js9vt5kt/4000362386-847__1?auto=webp&format=jpg&width=350&height=350&fit=bounds&canvas=350,350","","Warehouse pricing may vary","$799.97","()","16","Delivery","Available","Compare","Add to Cart","Buy in Warehouse","In Stock",""
"https://www.costco.com/tresanti-norah-529-mantel-with-corner-extension-and-classicflame-electric-fireplace.product.4000270106.html","Tresanti Norah 52.9"" Mantel with Corner Extension and ClassicFlame Electric Fireplace","https://bfasset.costco-static.com/U447IH35/as/4fn44zcxmx3kr96xggqj9w/4000270106-847__1?auto=webp&format=jpg&width=350&height=350&fit=bounds&canvas=350,350","https://www.costco.com/s?keyword=online%20only","Online Only","$399.97","()","288","Delivery","Available","Compare","Add to Cart","Costco Direct","",""
"https://www.costco.com/espa-optimal-skin-pro-moisturizer-185-fl-oz.product.4000406582.html","ESPA Optimal Skin Pro-Moisturizer, 1.85 fl oz","https://bfasset.costco-static.com/U447IH35/as/vr2mh7pg8c883x5bmrv9hf/4000406582-847__1?auto=webp&format=jpg&width=350&height=350&fit=bounds&canvas=350,350","https://www.costco.com/s?keyword=online%20only","Online Only","$19.97","()","3","Delivery","Available","Compare","Add to Cart","","",""
"https://www.costco.com/frank-body-niacinamide-body-scrub-882-fl-oz-2-pack.product.4000356183.html","frank body Niacinamide Body Scrub, 8.82 fl oz, 2-pack","https://bfasset.costco-static.com/U447IH35/as/b5gc7jg8gxntqc3txx72s/4000356183-847__1?auto=webp&format=jpg&width=350&height=350&fit=bounds&canvas=350,350","https://www.costco.com/s?keyword=online%20only","Online Only","$24.97","()","17","Delivery","Available","Compare","Add to Cart","","",""
"https://www.costco.com/beautystat-peptide-wrinkle-relaxing-moisturizer-17-oz.product.4000401222.html","BeautyStat Peptide Wrinkle Relaxing Moisturizer, 1.7 oz","https://bfasset.costco-static.com/U447IH35/at/9r69v6jx8sn4rgc5gr5cnq9/4000401222-847__1.jpg?auto=webp&format=jpg&width=350&height=350&fit=bounds&canvas=350,350","https://www.costco.com/s?keyword=online%20only","Online Only","$17.97","()","17","Delivery","Available","Compare","Add to Cart","","",""
"https://www.costco.com/evnroll-neo-classic-er5-putter-right-handed.product.4000390255.html","Evnroll Neo Classic ER5 Putter, Right Handed","https://bfasset.costco-static.com/U447IH35/as/ks3sb7hs4c6gfj549jg3wn67/4000390255-847__1?auto=webp&format=jpg&width=350&height=350&fit=bounds&canvas=350,350","https://www.costco.com/s?keyword=online%20only","Online Only","Members Only","()","5","Delivery","Available","Compare","Sign In for Details","","",""
"https://www.costco.com/iris-74-quart-stackable-holiday-storage-bin-2-pack.product.4000415332.html","IRIS 74 Quart Stackable Holiday Storage Bin, 2-pack","https://bfasset.costco-static.com/U447IH35/as/28nn4j4c5cmx8znk4sgz3f8n/4000415332-847__1?auto=webp&format=jpg&width=350&height=350&fit=bounds&canvas=350,350","https://www.costco.com/s?keyword=online%20only","Online Only","$29.97","()","46","Delivery","Available","Compare","Add to Cart","","",""
"https://www.costco.com/lg-26-cu-ft-smart-instaview-counter-depth-max-french-door-refrigerator.product.4000041462.html","LG 26 cu. ft. Smart InstaView Counter-Depth MAX French Door Refrigerator","https://bfasset.costco-static.com/U447IH35/as/s7vr6j2gpqhfg5zpvcm47th/4000041462-847_stainlesssteel_1?auto=webp&format=jpg&width=350&height=350&fit=bounds&canvas=350,350","https://www.costco.com/s?keyword=costco%20direct","Costco Direct","Members Only","()","934","Delivery","Price valid through 4/8/26","Compare","Sign In for Details","","Out of Stock",""
"https://www.costco.com/saint-eve-youth-sleep-hoodie.product.4000350311.html","Saint Eve Youth Sleep Hoodie","https://bfasset.costco-static.com/U447IH35/as/pbqxp345rn7qsnkk98hmctt/4000350311-847__1?auto=webp&format=jpg&width=350&height=350&fit=bounds&canvas=350,350","","","$12.97","()","18","Delivery","Available","Compare","Select Options","","","https://www.costco.com/saint-eve-youth-sleep-hoodie.product.4000350311.html"
"https://www.costco.com/keith-haring-mens-graphic-tee.product.4000385203.html","Keith Haring Men's Graphic Tee","https://bfasset.costco-static.com/U447IH35/as/28fzt73hbs3wghcpjkkxmvjj/4000385203-847_blue_1?auto=webp&format=jpg&width=350&height=350&fit=bounds&canvas=350,350","https://www.costco.com/s?keyword=online%20only","Online Only","$9.97","()","207","Delivery","Available","Compare","Select Options","","","https://www.costco.com/keith-haring-mens-graphic-tee.product.4000385203.html"
"https://www.costco.com/shokz-openfit-se-open-ear-true-wireless-earbuds.product.4000349849.html","SHOKZ OpenFit SE, Open-Ear True Wireless Earbuds","https://bfasset.costco-static.com/U447IH35/as/9ck74mg94qs89xgk6knzrgh9/4000349849-847__1?auto=webp&format=jpg&width=350&height=350&fit=bounds&canvas=350,350","","","Members Only","()","36","Delivery","Available","Compare","Sign In for Details","","",""
"https://www.costco.com/puma-womens-sneaker.product.4000330864.html","PUMA Women's Sneaker","https://bfasset.costco-static.com/U447IH35/at/9chx5bbp9v5c2bq69v8sk9/4000330864-847_white_1.jpg?width=350&height=350&fit=bounds&canvas=350,350","","","$24.97","()","177","Delivery","Available","Compare","Select Options","","","https://www.costco.com/puma-womens-sneaker.product.4000330864.html"
"https://www.costco.com/perry-ellis-mens-casual-shoe.product.4000338197.html","Perry Ellis Men's Casual Shoe","https://bfasset.costco-static.com/U447IH35/as/4sj55zjp53sc43rhxbgxkc/4000338197-847_black_1?auto=webp&format=jpg&width=350&height=350&fit=bounds&canvas=350,350","https://www.costco.com/s?keyword=online%20only","Online Only","$29.97","()","85","Delivery","Available","Compare","Select Options","","","https://www.costco.com/perry-ellis-mens-casual-shoe.product.4000338197.html"
"https://www.costco.com/redfield-70-multi-use-console.product.4000343126.html","Redfield 70"" Multi-Use Console","https://bfasset.costco-static.com/U447IH35/as/bnt3t79f6btv4wcpg4t64qh/4000343126-847__1?auto=webp&format=jpg&width=350&height=350&fit=bounds&canvas=350,350","https://www.costco.com/s?keyword=costco%20direct","Costco Direct","$499.97","()","129","Delivery","Available","Compare","Add to Cart","","",""
"https://www.costco.com/goop-microderm-exfoliator-instant-glow-17-fl-oz.product.4000404277.html","goop Microderm Exfoliator Instant Glow, 1.7 fl oz","https://bfasset.costco-static.com/U447IH35/as/cb4q46xbj3h8w67ckg2fs7/4000404277-847__1?auto=webp&format=jpg&width=350&height=350&fit=bounds&canvas=350,350","https://www.costco.com/s?keyword=online%20only","Online Only","$49.97","()","14","Delivery","Available","Compare","Add to Cart","","",""
"https://www.costco.com/iris-60qt-stackable-ornament-storage-bin-2-pack.product.4000415385.html","IRIS 60QT Stackable Ornament Storage Bin, 2-pack","https://bfasset.costco-static.com/U447IH35/as/ptn6w3qcz64h3r7tjfhfgwb/4000415385-847__1?auto=webp&format=jpg&width=350&height=350&fit=bounds&canvas=350,350","https://www.costco.com/s?keyword=online%20only","Online Only","$29.97","()","75","Delivery","Available","Compare","Add to Cart","","",""
"https://www.costco.com/adidas-essential-sling.product.4000411552.html","adidas Essential Sling","https://bfasset.costco-static.com/U447IH35/as/jw5mmgxtkh69fsjgs6k3vvw6/4000411552-847_mint_1?auto=webp&format=jpg&width=350&height=350&fit=bounds&canvas=350,350","","","$14.97 - $19.97","()","20","Delivery","Available","Compare","Select Options","","","https://www.costco.com/adidas-essential-sling.product.4000411552.html"
"https://www.costco.com/glotech-calypso-adjustable-led-rechargeable-mirror.product.4000381061.html","GloTech Calypso Adjustable LED Rechargeable Mirror","https://bfasset.costco-static.com/U447IH35/as/w5kwtnwxr6f89px3br733tn5/4000381061-847__1?auto=webp&format=jpg&width=350&height=350&fit=bounds&canvas=350,350","https://www.costco.com/s?keyword=online%20only","Online Only","$19.97","()","79","Delivery","Available","Compare","Add to Cart","","",""
"https://www.costco.com/philips-sonicare-countertop-power-flosser-7000.product.4000414835.html","Philips Sonicare Countertop Power Flosser 7000","https://bfasset.costco-static.com/U447IH35/as/jm2ktn4pp58f3p4thjbmxvxv/4000414835-847__1?auto=webp&format=jpg&width=350&height=350&fit=bounds&canvas=350,350","https://www.costco.com/s?keyword=online%20only","Online Only","$69.97","()","41","Delivery","Available","Compare","Add to Cart","","",""
"https://www.costco.com/pebble-beach-golf-stand-bag.product.4000360671.html","Pebble Beach Golf Stand Bag","https://bfasset.costco-static.com/U447IH35/as/ph4sxbpf789h7p844bs834kn/4000360671-847_black_1?auto=webp&format=jpg&width=350&height=350&fit=bounds&canvas=350,350","","","$99.97","()","94","Delivery","Available","Compare","Add to Cart","","",""
"https://www.costco.com/pebble-beach-golf-cart-bag.product.4000361497.html","Pebble Beach Golf Cart Bag","https://bfasset.costco-static.com/U447IH35/as/vvffxvhz3hfm2kg4s6ck7969/4000361497-847_black_1?auto=webp&format=jpg&width=350&height=350&fit=bounds&canvas=350,350","","","$99.97","()","107","Delivery","Available","Compare","Add to Cart","","",""
"https://www.costco.com/boss-ac-22lx-acoustic-amplifier-with-bluetooth-module.product.4000308423.html","Boss AC-22LX Acoustic Amplifier with Bluetooth Module","https://bfasset.costco-static.com/U447IH35/as/n84rp8sfw9sgrbm3sn7qb2x/4000308423-847__1?auto=webp&format=jpg&width=350&height=350&fit=bounds&canvas=350,350","https://www.costco.com/s?keyword=online%20only","Online Only","$229.97","()","17","Delivery","Available","Compare","Add to Cart","","",""
"https://www.costco.com/outdoor-research-adrenaline-day-pack-30l.product.4000329039.html","Outdoor Research Adrenaline Day Pack 30L","https://bfasset.costco-static.com/U447IH35/as/chr839txs9f5mzj9v7v3v9xj/4000329039-847_blue_1?auto=webp&format=jpg&width=350&height=350&fit=bounds&canvas=350,350","https://www.costco.com/s?keyword=online%20only","Online Only","Members Only","()","3","Delivery","Available","Compare","Sign In for Details","","",""
"https://www.costco.com/buffalo-womens-boot.product.4000351315.html","Buffalo Women's Boot","https://bfasset.costco-static.com/U447IH35/as/tstg65w72fgx4b7365cr57t/4000351315-847_black_1?auto=webp&format=jpg&width=350&height=350&fit=bounds&canvas=350,350","","","$24.97","()","63","Delivery","Available","Compare","Select Options","Color:","Black","https://www.costco.com/buffalo-womens-boot.product.4000351315.html"
"https://www.costco.com/kids-licensed-2-piece-luggage-set.product.4000411143.html","Kid’s Licensed 2 Piece Luggage Set","https://bfasset.costco-static.com/U447IH35/as/6mfjp3w7b7ww3hc5gb4bcm/4000411143-847_bluey_1?auto=webp&format=jpg&width=350&height=350&fit=bounds&canvas=350,350","","","$49.97","()","37","Delivery","Available","Compare","Select Options","","","https://www.costco.com/kids-licensed-2-piece-luggage-set.product.4000411143.html"
"https://www.costco.com/omg-accessories-metallic-butterfly-applique-mini-backpack.product.4000412492.html","OMG Accessories Metallic Butterfly Applique Mini Backpack","https://bfasset.costco-static.com/U447IH35/as/qx7cpc6g33khj8qfzssj6qn/4000412492-847__1?auto=webp&format=jpg&width=350&height=350&fit=bounds&canvas=350,350","https://www.costco.com/s?keyword=online%20only","Online Only","Members Only","()","2","Delivery","Available","Compare","Sign In for Details","","",""
"https://www.costco.com/omg-accessories-quilted-metallic-dance-duffle-bag.product.4000412530.html","OMG Accessories Quilted Metallic ‘Dance’ Duffle Bag","https://bfasset.costco-static.com/U447IH35/as/fksk6cbxr4p34g5p65sj3jfh/4000412530-847__1?auto=webp&format=jpg&width=350&height=350&fit=bounds&canvas=350,350","","","Members Only","()","2","Delivery","Available","Compare","Sign In for Details","","",""
"https://www.costco.com/baretraps-womens-casual-shoe.product.4000366536.html","Baretraps Women's Casual Shoe","https://bfasset.costco-static.com/U447IH35/as/49rhknnkkc5qzjvvfnmvrjp/4000366536-847_brown_1?auto=webp&format=jpg&width=350&height=350&fit=bounds&canvas=350,350","https://www.costco.com/s?keyword=online%20only","Online Only","$34.97","()","28","Delivery","Available","Compare","Select Options","Color:","Brown","https://www.costco.com/baretraps-womens-casual-shoe.product.4000366536.html"
"https://www.costco.com/timber-ridge-heated-directors-chair-with-side-table.product.4000282884.html","Timber Ridge Heated Director’s Chair with Side Table","https://bfasset.costco-static.com/U447IH35/as/93rbsp63nkck3b5wcq6sk9/4000282884-847__1?auto=webp&format=jpg&width=350&height=350&fit=bounds&canvas=350,350","","","$49.97","()","63","Delivery","Available","Compare","Add to Cart","","",""
"https://www.costco.com/miu-10-2-tier-bamboo-steamer-basket.product.4000353975.html","MIU 10” 2-Tier Bamboo Steamer Basket","https://bfasset.costco-static.com/U447IH35/as/5w33wbsx3q7hb3s7tbvrh9/4000353975-847__1?auto=webp&format=jpg&width=350&height=350&fit=bounds&canvas=350,350","","","$16.97","()","24","Delivery","Available","Compare","Add to Cart","","",""
"https://www.costco.com/welhome-100-cotton-tufted-bath-rug.product.4000337651.html","WelHome 100% Cotton Tufted Bath Rug","https://bfasset.costco-static.com/U447IH35/as/b9v62vns8kjrxsm3rxhq7q3/4000337651-847__1?auto=webp&format=jpg&width=350&height=350&fit=bounds&canvas=350,350","","","$16.97","()","61","Delivery","Available","Compare","Select Options","","","https://www.costco.com/welhome-100-cotton-tufted-bath-rug.product.4000337651.html"
"https://www.costco.com/omg-accessories-tweed-butterfly-applique-mini-flap-bag.product.4000412529.html","OMG Accessories Tweed Butterfly Applique Mini Flap Bag","https://bfasset.costco-static.com/U447IH35/as/66hs9c7pkjj8sp7pxzf9xm/4000412529-847__1?auto=webp&format=jpg&width=350&height=350&fit=bounds&canvas=350,350","https://www.costco.com/s?keyword=online%20only","Online Only","Members Only","()","4","Delivery","Available","Compare","Sign In for Details","","",""
"https://www.costco.com/staub-4-piece-stackable-cast-iron-cookware-set.product.4000405567.html","Staub 4-piece Stackable Cast Iron Cookware Set","https://bfasset.costco-static.com/U447IH35/at/t9mcpzw4ttbjf3fw4fn5p/4000405567-847__2.jpg?auto=webp&format=jpg&width=350&height=350&fit=bounds&canvas=350,350","https://www.costco.com/s?keyword=online%20only","Online Only","$399.97","()","4","Delivery","Available","Compare","Add to Cart","","",""
"https://www.costco.com/magic-the-gathering-spiderman-web-slingers-kit.product.4000413620.html","Magic: The Gathering Spiderman Web-Slinger’s Kit","https://bfasset.costco-static.com/U447IH35/as/9zqqqcsmw8thvm8k3f9nx/4000413620-847__1?auto=webp&format=jpg&width=350&height=350&fit=bounds&canvas=350,350","","Warehouse pricing may vary","$29.97","()","43","Delivery","Available","Compare","Add to Cart","Buy in Warehouse","Low Stock",""
"https://www.costco.com/atomi-smart-19-wi-fi-aureus-chandelier.product.4000410657.html","Atomi Smart 19"" Wi-Fi Aureus Chandelier","https://bfasset.costco-static.com/U447IH35/as/2v9xm5qpsrv9995bf998nsr/4000410657-847__1?auto=webp&format=jpg&width=350&height=350&fit=bounds&canvas=350,350","https://www.costco.com/s?keyword=online%20only","Online Only","$49.97","()","12","Delivery","Available","Compare","Add to Cart","","",""
"https://www.costco.com/marshall-kilburn-ii-portable-bluetooth-speaker.product.4000393116.html","Marshall Kilburn II Portable Bluetooth Speaker","https://bfasset.costco-static.com/U447IH35/as/vvp3njmj7rqjsnf4rjx8zqb/4000393116-847__1?auto=webp&format=jpg&width=350&height=350&fit=bounds&canvas=350,350","","","$149.97","()","10","Delivery","Available","Compare","Add to Cart","","",""
"https://www.costco.com/kensie-womens-tall-boot.product.4000351373.html","Kensie Women's Tall Boot","https://bfasset.costco-static.com/U447IH35/as/6ntw6bcx9ghg95b9npkgt3j/4000351373-847_brown_1?auto=webp&format=jpg&width=350&height=350&fit=bounds&canvas=350,350","https://www.costco.com/s?keyword=online%20only","Online Only","$39.97","()","56","Delivery","Available","Compare","Select Options","","","https://www.costco.com/kensie-womens-tall-boot.product.4000351373.html"
"https://www.costco.com/omg-accessories-miss-gwen-unicorn-pink-plush-crossbody-bag.product.4000412542.html","OMG Accessories Miss Gwen Unicorn Pink Plush Crossbody Bag","https://bfasset.costco-static.com/U447IH35/as/fvxz8j2rm6fr9rgb7fptgrtk/4000412542-847__1?auto=webp&format=jpg&width=350&height=350&fit=bounds&canvas=350,350","https://www.costco.com/s?keyword=online%20only","Online Only","Members Only","()","12","Delivery","Available","Compare","Sign In for Details","","",""
"https://www.costco.com/harrys-3-blade-disposable-razor-25-count.product.4000409525.html","Harry's 3-Blade Disposable Razor, 25-count","https://bfasset.costco-static.com/U447IH35/as/g6fhs8g9qr6vctpgj4bzscn6/4000409525-847__1?auto=webp&format=jpg&width=350&height=350&fit=bounds&canvas=350,350","","","$14.97","()","6","Delivery","Available","Compare","Add to Cart","","",""
"https://www.costco.com/espa-24-hour-replenishing-moisturizer-18-fl-oz.product.4000406585.html","ESPA 24-Hour Replenishing Moisturizer, 1.8 fl oz","https://bfasset.costco-static.com/U447IH35/as/5fz97xcpnqc2zc56xwfz2v/4000406585-847__1?auto=webp&format=jpg&width=350&height=350&fit=bounds&canvas=350,350","https://www.costco.com/s?keyword=online%20only","Online Only","$19.97","()","9","Delivery","Available","Compare","Add to Cart","","",""
"https://www.costco.com/sorel-womens-joan-of-arctic-boot.product.4000233553.html","SOREL Women's Joan of Arctic Boot","https://bfasset.costco-static.com/U447IH35/as/4xgs3pg52qrmrkxpzjh8chr/4000233553-847_black_1?auto=webp&format=jpg&width=350&height=350&fit=bounds&canvas=350,350","https://www.costco.com/s?keyword=online%20only","Online Only","Members Only","()","23","Delivery","Available","Compare","Sign In for Details","","",""
"https://www.costco.com/chilewich-indooroutdoor-woven-willow-rug-6-x-8-10.product.4000350724.html","Chilewich Indoor/Outdoor Woven Willow Rug, 6’ x 8’ 10”","https://bfasset.costco-static.com/U447IH35/as/vspcjz9k7fh658g5m3b49qs/4000350724-847_blue_1?auto=webp&format=jpg&width=350&height=350&fit=bounds&canvas=350,350","https://www.costco.com/s?keyword=online%20only","Online Only","$299.97","()","24","Delivery","Available","Compare","Select Options","","","https://www.costco.com/chilewich-indooroutdoor-woven-willow-rug-6-x-8-10.product.4000350724.html"
"https://www.costco.com/dakine-mens-hooded-jacket.product.4000347723.html","Dakine Men's Hooded Jacket","https://bfasset.costco-static.com/U447IH35/as/fxq86b369xjxxtxx655hhwq4/4000347723-847_black_1?auto=webp&format=jpg&width=350&height=350&fit=bounds&canvas=350,350","","","$26.97","()","26","Delivery","Available","Compare","Select Options","","","https://www.costco.com/dakine-mens-hooded-jacket.product.4000347723.html"
"https://www.costco.com/housemark-luna-8-light-led-island-pendant-light.product.4000238977.html","Housemark Luna 8-light LED Island Pendant Light","https://bfasset.costco-static.com/U447IH35/as/vsm8mk6h5c7cw99xntm68w/1718621-847__1?auto=webp&format=jpg&width=350&height=350&fit=bounds&canvas=350,350","","","$49.97","()","63","Delivery","Available","Compare","Add to Cart","","",""
"https://www.costco.com/goop-vit-c-eye-cream-05-fl-oz.product.4000410622.html","goop Vit C Eye Cream 0.5 fl oz","https://bfasset.costco-static.com/U447IH35/as/tbf8thpvjxs25gp9ptn9wt/1975235-847__1?auto=webp&format=jpg&width=350&height=350&fit=bounds&canvas=350,350","https://www.costco.com/s?keyword=online%20only","Online Only","$19.97","()","15","Delivery","Available","Compare","Add to Cart","","",""
"https://www.costco.com/hello-kitty-2026-year-of-the-horse-8-inch-plush-3-pack.product.4000408063.html","Hello Kitty 2026 Year of the Horse 8-Inch Plush 3-Pack","https://bfasset.costco-static.com/U447IH35/as/wb4625p8sk9cjh82bhvhxnj/4000408063-847__1?auto=webp&format=jpg&width=350&height=350&fit=bounds&canvas=350,350","","","$29.97","()","12","Delivery","Available","Compare","Add to Cart","","Out of Stock",""
"https://www.costco.com/puma-mens-sneaker.product.4000330859.html","PUMA Men's Sneaker","https://bfasset.costco-static.com/U447IH35/as/bswtjxtbkszsgh9xr4v5p5z/4000330859-847_black_1?auto=webp&format=jpg&width=350&height=350&fit=bounds&canvas=350,350","","","$24.97","()","203","Delivery","Available","Compare","Select Options","","","https://www.costco.com/puma-mens-sneaker.product.4000330859.html"
"https://www.costco.com/charisma-100-egyptian-cotton-bath-towels-2-piece-set.product.4000328219.html","Charisma 100% Egyptian Cotton Bath Towels, 2-piece Set","https://bfasset.costco-static.com/U447IH35/as/b3htrmfhbzgb2n5fn3tpbrbn/4000328219-847_blue_1?auto=webp&format=jpg&width=350&height=350&fit=bounds&canvas=350,350","https://www.costco.com/s?keyword=online%20only","Online Only","$19.97","()","59","Delivery","Available","Compare","Select Options","","","https://www.costco.com/charisma-100-egyptian-cotton-bath-towels-2-piece-set.product.4000328219.html"
"https://www.costco.com/khombu-mens-waterproof-hiking-boot.product.4000351353.html","Khombu Men's Waterproof Hiking Boot","https://bfasset.costco-static.com/U447IH35/as/27gc85bvmnfqxgn47mhqp4r/4000351353-847__1?auto=webp&format=jpg&width=350&height=350&fit=bounds&canvas=350,350","https://www.costco.com/s?keyword=online%20only","Online Only","$34.97","()","95","Delivery","Available","Compare","Select Options","","","https://www.costco.com/khombu-mens-waterproof-hiking-boot.product.4000351353.html"
"https://www.costco.com/dv-by-dolce-vita-womens-buckle-flat.product.4000357599.html","DV by Dolce Vita Women's Buckle Flat","https://bfasset.costco-static.com/U447IH35/as/6894xght8fj355pnkt2zhstt/4000357599-847_brown_1?auto=webp&format=jpg&width=350&height=350&fit=bounds&canvas=350,350","https://www.costco.com/s?keyword=online%20only","Online Only","$14.97","()","70","Delivery","Available","Compare","Select Options","","","https://www.costco.com/dv-by-dolce-vita-womens-buckle-flat.product.4000357599.html"
"https://www.costco.com/tramontina-ceramic-non-stick-12-piece-cookware-set-with-utensils.product.4000277532.html","Tramontina Ceramic Non-Stick 12-piece Cookware Set with Utensils","https://bfasset.costco-static.com/U447IH35/as/vhspnn884jkz2mm8vcxx24sf/4000277532-847__1?auto=webp&format=jpg&width=350&height=350&fit=bounds&canvas=350,350","","","$134.97","()","199","","","Compare","Select Options","","","https://www.costco.com/tramontina-ceramic-non-stick-12-piece-cookware-set-with-utensils.product.4000277532.html"
"https://www.costco.com/chilewich-indooroutdoor-woven-rug-willow-8-x-10.product.4000351435.html","Chilewich Indoor/Outdoor Woven Rug, Willow 8’ x 10’","https://bfasset.costco-static.com/U447IH35/as/3ms4cfpsfv5pw7prm5c96/4000351435-847_blue_1?auto=webp&format=jpg&width=350&height=350&fit=bounds&canvas=350,350","https://www.costco.com/s?keyword=online%20only","Online Only","$499.97","()","24","Delivery","Available","Compare","Select Options","","","https://www.costco.com/chilewich-indooroutdoor-woven-rug-willow-8-x-10.product.4000351435.html"
"https://www.costco.com/infinity-mens-blazer.product.4000347773.html","Infinity Men's Blazer","https://bfasset.costco-static.com/U447IH35/as/bvc82gcnhcgjr66scxhjnr43/4000347773-847_brown_1?auto=webp&format=jpg&width=350&height=350&fit=bounds&canvas=350,350","","","$29.97","()","42","Delivery","Available","Compare","Select Options","","","https://www.costco.com/infinity-mens-blazer.product.4000347773.html"
"https://www.costco.com/steve-madden-womens-bodysuit-2-pack.product.4000350626.html","Steve Madden Women's Bodysuit, 2-pack","https://bfasset.costco-static.com/U447IH35/as/3w4c75gngsxc8nwx4hfz3z75/4000350626-847__1?auto=webp&format=jpg&width=350&height=350&fit=bounds&canvas=350,350","https://www.costco.com/s?keyword=online%20only","Online Only","$9.97","()","22","Delivery","Available","Compare","Select Options","","","https://www.costco.com/steve-madden-womens-bodysuit-2-pack.product.4000350626.html"
"https://www.costco.com/charisma-cotton-jersey-knit-6-piece-sheet-set.product.4000378130.html","Charisma Cotton Jersey Knit 6-piece Sheet Set","https://bfasset.costco-static.com/U447IH35/as/44g69rwft4rk9w8srb343w9/4000378130-847__1?auto=webp&format=jpg&width=350&height=350&fit=bounds&canvas=350,350","https://www.costco.com/s?keyword=online%20only","Online Only","$19.97 - $29.97","()","18","Delivery","Available","Compare","Select Options","","","https://www.costco.com/charisma-cotton-jersey-knit-6-piece-sheet-set.product.4000378130.html"
"https://www.costco.com/henckels-forged-x-14-piece-knife-block-set.product.4000361561.html","Henckels Forged X 14-piece Knife Block Set","https://bfasset.costco-static.com/U447IH35/as/8r47tf2wk869j44n9b8j38cg/4000361561-847__1?auto=webp&format=jpg&width=350&height=350&fit=bounds&canvas=350,350","https://www.costco.com/s?keyword=online%20only","Online Only","$169.97","()","501","Delivery","Available","Compare","Add to Cart","","",""
"https://www.costco.com/milan-rug-collection-benicia.product.4000279585.html","Milan Rug Collection, Benicia","https://bfasset.costco-static.com/U447IH35/as/gp4n6k6q95x3t94xbgrrgfc/4000279585-847__1?auto=webp&format=jpg&width=350&height=350&fit=bounds&canvas=350,350","https://www.costco.com/s?keyword=online%20only","Online Only","$99.97","()","125","Delivery","Available","Compare","Add to Cart","","",""
"https://www.costco.com/soybu-mens-puffer-jacket.product.4000397943.html","Soybu Men's Puffer Jacket","https://bfasset.costco-static.com/U447IH35/as/55pm2645wfmnxg5qn7r4hct7/4000397943-847__1?auto=webp&format=jpg&width=350&height=350&fit=bounds&canvas=350,350","","","$24.97","()","27","Delivery","Available","Compare","Select Options","","","https://www.costco.com/soybu-mens-puffer-jacket.product.4000397943.html"
"https://www.costco.com/alptrek-pro-spin-snowshoe-kit---sawtooth-angular-frame.product.4000026266.html","ALPTREK Pro SPIN Snowshoe Kit - Sawtooth Angular Frame","https://bfasset.costco-static.com/U447IH35/as/tk6t8f7znv9b38tkthr56tq/4000026266-847__1?auto=webp&format=jpg&width=350&height=350&fit=bounds&canvas=350,350","","","$99.97","()","125","Delivery","Available","Compare","Add to Cart","","",""
"https://www.costco.com/dorset-rug-collection-bennet.product.4000268554.html","Dorset Rug Collection, Bennet","https://bfasset.costco-static.com/U447IH35/as/k3f538w72hsks8jhkj9rkc/4000268554-847__1?auto=webp&format=jpg&width=350&height=350&fit=bounds&canvas=350,350","https://www.costco.com/s?keyword=online%20only","Online Only","$29.97 - $99.97","()","150","Delivery","Available","Compare","Select Options","","","https://www.costco.com/dorset-rug-collection-bennet.product.4000268554.html"
"https://www.costco.com/ge-profile-53-cu-ft-washer-with-ultrafresh-vent-system-and-odorblock.product.100946809.html","GE Profile 5.3 cu. ft. Washer with UltraFresh Vent System and OdorBlock","https://bfasset.costco-static.com/U447IH35/as/9f49hbxx68fn8qq87ft9tzvs/1653395-847__1?auto=webp&format=jpg&width=350&height=350&fit=bounds&canvas=350,350","https://www.costco.com/s?keyword=costco%20direct","Online Only","Members Only","()","95","","","Compare","Sign In for Details","Costco Direct","",""
"https://www.costco.com/sand--fog-57-oz-scalloped-candle-with-rubber-wood-lid.product.4000402011.html","Sand + Fog 57 oz. Scalloped Candle with Rubber Wood Lid","https://bfasset.costco-static.com/U447IH35/as/k4kxqptc47rcc5ttvrj6xx9/4000402011-847__1?auto=webp&format=jpg&width=350&height=350&fit=bounds&canvas=350,350","","","$29.97","()","150","Delivery","Available","Compare","Select Options","","","https://www.costco.com/sand--fog-57-oz-scalloped-candle-with-rubber-wood-lid.product.4000402011.html"
"https://www.costco.com/staheekum-mens-winter-boot.product.4000338003.html","Staheekum Men's Winter Boot","https://bfasset.costco-static.com/U447IH35/as/p5mnspvxkxmn2vvss84sg69/4000338003-847__1?auto=webp&format=jpg&width=350&height=350&fit=bounds&canvas=350,350","","","$24.97","()","91","Delivery","Available","Compare","Select Options","","","https://www.costco.com/staheekum-mens-winter-boot.product.4000338003.html"
"https://www.costco.com/hurley-mens-shirt-jacket.product.4000341755.html","Hurley Men's Shirt Jacket","https://bfasset.costco-static.com/U447IH35/at/hx3fwcvw7k5pwfk34s6qj89/4000341755-847_tan_1.jpg?width=350&height=350&fit=bounds&canvas=350,350","","","$14.97","()","74","Delivery","Available","Compare","Select Options","","","https://www.costco.com/hurley-mens-shirt-jacket.product.4000341755.html"
"https://www.costco.com/rug--co-chloe-thaddeus-area-rug.product.4000335676.html","Rug & Co. Chloe Thaddeus Area Rug","https://bfasset.costco-static.com/U447IH35/as/v7gw479sp8wqc82xwk5vmvrj/4000335676-847_5ft3inx7ft5in_1?auto=webp&format=jpg&width=350&height=350&fit=bounds&canvas=350,350","https://www.costco.com/s?keyword=online%20only","Online Only","$129.97 - $499.97","()","66","Delivery","Available","Compare","Select Options","","","https://www.costco.com/rug--co-chloe-thaddeus-area-rug.product.4000335676.html"
"https://www.costco.com/dorset-rug-collection-hedy.product.4000268423.html","Dorset Rug Collection, Hedy","https://bfasset.costco-static.com/U447IH35/as/367mb4bnq6mp3n6q86478nr/4000268423-847__1?auto=webp&format=jpg&width=350&height=350&fit=bounds&canvas=350,350","https://www.costco.com/s?keyword=online%20only","Online Only","$29.97 - $69.97","()","150","Delivery","Available","Compare","Select Options","","","https://www.costco.com/dorset-rug-collection-hedy.product.4000268423.html"
"https://www.costco.com/calvin-klein-luminosity-charcoal-area-rug-7-10-x-9-10.product.4000327436.html","Calvin Klein Luminosity Charcoal Area Rug, 7' 10"" x 9' 10""","https://bfasset.costco-static.com/U447IH35/as/q8rgk3svgtvtcbx75zh76f/4000327436-847__1?auto=webp&format=jpg&width=350&height=350&fit=bounds&canvas=350,350","https://www.costco.com/s?keyword=online%20only","Online Only","$129.97","()","255","Delivery","Available","Compare","Add to Cart","","",""
"https://www.costco.com/infinity-mens-textured-button-up-shirt.product.4000334935.html","Infinity Men's Textured Button Up Shirt","https://bfasset.costco-static.com/U447IH35/as/2ts63f996628ptb5nqmks9/4000334935-847_red_1?auto=webp&format=jpg&width=350&height=350&fit=bounds&canvas=350,350","","","$6.97","()","30","Delivery","Available","Compare","Select Options","","","https://www.costco.com/infinity-mens-textured-button-up-shirt.product.4000334935.html"
"https://www.costco.com/nze-premium-energy-pouches-peppermint-15-pouches-per-can-6-count.product.4000331572.html","NZE Premium Energy Pouches, Peppermint, 15 Pouches per Can, 6-Count","https://bfasset.costco-static.com/U447IH35/as/btpxv4sj8p8j7j3ghpmrtc4/1904269-847__1?auto=webp&format=jpg&width=350&height=350&fit=bounds&canvas=350,350","https://www.costco.com/all-costco-grocery.html","Item may be available in your local warehouse, prices may vary.","$14.97","()","9","Delivery","Available","","Add to Cart","","",""
"https://www.costco.com/sorel-mens-scout-87-xt-waterproof-boot.product.4000329629.html","SOREL Men's Scout 87 XT Waterproof Boot","https://bfasset.costco-static.com/U447IH35/as/8mwkxx863w34bphr9ssb7r9c/4000329629-847_black_1?auto=webp&format=jpg&width=350&height=350&fit=bounds&canvas=350,350","https://www.costco.com/s?keyword=online%20only","Online Only","Members Only","()","22","Delivery","Available","Compare","Sign In for Details","","",""
"https://www.costco.com/infinity-mens-mixed-media-jacket.product.4000346812.html","Infinity Men's Mixed Media Jacket","https://bfasset.costco-static.com/U447IH35/as/6nsmpgst2n9cr98njzs7r9n/4000346812-847_black_1?auto=webp&format=jpg&width=350&height=350&fit=bounds&canvas=350,350","","","$26.97","()","10","Delivery","Available","Compare","Select Options","","","https://www.costco.com/infinity-mens-mixed-media-jacket.product.4000346812.html"
"https://www.costco.com/spyder-mens-full-zip-jacket.product.4000347634.html","Spyder Men's Full Zip Jacket","https://bfasset.costco-static.com/U447IH35/as/nt5kjq4jhbtbfphj8b9z5gmc/4000347634-847_gray_1?auto=webp&format=jpg&width=350&height=350&fit=bounds&canvas=350,350","","","$19.97","()","279","Delivery","Available","Compare","Select Options","","","https://www.costco.com/spyder-mens-full-zip-jacket.product.4000347634.html"
"https://www.costco.com/kenneth-cole-womens-wool-blend-coat.product.4000336402.html","Kenneth Cole Women's Wool Blend Coat","https://bfasset.costco-static.com/U447IH35/as/pnxmxxnq79g3npg6sbkwp57/4000336402-847_darkred_3?auto=webp&format=jpg&width=350&height=350&fit=bounds&canvas=350,350","https://www.costco.com/s?keyword=online%20only","Online Only","$59.97","()","51","Delivery","Available","Compare","Select Options","","","https://www.costco.com/kenneth-cole-womens-wool-blend-coat.product.4000336402.html"
"https://www.costco.com/buffalo-womens-v-neck-top.product.4000337212.html","Buffalo Women's V-Neck Top","https://bfasset.costco-static.com/U447IH35/at/mfkqckvx6wph7hkt885qx67s/4000337212-847_darkred_1.jpg?auto=webp&format=jpg&width=350&height=350&fit=bounds&canvas=350,350","","","$9.97","()","120","Delivery","Available","Compare","Select Options","","","https://www.costco.com/buffalo-womens-v-neck-top.product.4000337212.html"
"https://www.costco.com/kensie-womens-slingback-flat.product.4000338209.html","Kensie Women's Slingback Flat","https://bfasset.costco-static.com/U447IH35/as/7835pj9zhs5hkpg94p77hcc/4000338209-847_red_1?auto=webp&format=jpg&width=350&height=350&fit=bounds&canvas=350,350","https://www.costco.com/s?keyword=online%20only","Online Only","$12.97","()","90","Delivery","Available","Compare","Select Options","","","https://www.costco.com/kensie-womens-slingback-flat.product.4000338209.html"
"https://www.costco.com/bernardo-womens-puffer-jacket.product.4000350185.html","Bernardo Women's Puffer Jacket","https://bfasset.costco-static.com/U447IH35/at/k54xscjwbrvfmkfwrj4bm/4000350185-847_purple_2.jpg?width=350&height=350&fit=bounds&canvas=350,350","","","$34.97","()","13","Delivery","Available","Compare","Select Options","","","https://www.costco.com/bernardo-womens-puffer-jacket.product.4000350185.html"
"https://www.costco.com/bc-clothing-mens-textured-flannel.product.4000340549.html","BC Clothing Men's Textured Flannel","https://bfasset.costco-static.com/U447IH35/as/psmwjq8jcn2s7t26w8rtwch/4000340549-847_blue_1?auto=webp&format=jpg&width=350&height=350&fit=bounds&canvas=350,350","","","$14.97","()","81","Delivery","Available","Compare","Select Options","","","https://www.costco.com/bc-clothing-mens-textured-flannel.product.4000340549.html"
"https://www.costco.com/rug--co-chloe-seraphina-area-rug.product.4000335848.html","Rug & Co. Chloe Seraphina Area Rug","https://bfasset.costco-static.com/U447IH35/as/7vv34sqbsw639cj86w4hv8f8/4000335848-847_5ft3inx7ft5in_1?auto=webp&format=jpg&width=350&height=350&fit=bounds&canvas=350,350","https://www.costco.com/s?keyword=online%20only","Online Only","$129.97 - $499.97","()","66","Delivery","Available","Compare","Select Options","","","https://www.costco.com/rug--co-chloe-seraphina-area-rug.product.4000335848.html"
"https://www.costco.com/rug--co-chloe-genevieve-area-rug.product.4000335906.html","Rug & Co. Chloe Genevieve Area Rug","https://bfasset.costco-static.com/U447IH35/as/xh3b6z95gnbgh6cxk8m58njg/4000335906-847_5ft3inx7ft5in_1?auto=webp&format=jpg&width=350&height=350&fit=bounds&canvas=350,350","https://www.costco.com/s?keyword=online%20only","Online Only","$129.97 - $499.97","()","66","Delivery","Available","Compare","Select Options","","","https://www.costco.com/rug--co-chloe-genevieve-area-rug.product.4000335906.html"
"https://www.costco.com/midea-smart-45-decibel-top-control-24-in-built-in-dishwasher.product.4000051060.html","Midea Smart 45-decibel Top Control 24-in Built-In Dishwasher","https://bfasset.costco-static.com/U447IH35/as/wc2hk9w9rcrvjprwj8mbfv/1691253-847__1?auto=webp&format=jpg&width=350&height=350&fit=bounds&canvas=350,350","https://www.costco.com/s?keyword=costco%20direct","Online Only","Members Only","()","107","Delivery","Available","Compare","Sign In for Details","Costco Direct","",""
"https://www.costco.com/calvin-klein-luminosity-black-ivory-area-rug-710-x-910.product.4000327593.html","Calvin Klein Luminosity Black Ivory Area Rug, 7'10"" x 9'10""","https://bfasset.costco-static.com/U447IH35/as/743ctbhb6jx4fr7b5gqrhxw/4000327593-847__1?auto=webp&format=jpg&width=350&height=350&fit=bounds&canvas=350,350","https://www.costco.com/s?keyword=online%20only","Online Only","$129.97","()","255","Delivery","Available","Compare","Add to Cart","","",""
"https://www.costco.com/calvin-klein-luminosity-black-ivory-area-rug-9-x-12.product.4000327674.html","Calvin Klein Luminosity Black Ivory Area Rug, 9' x 12'","https://bfasset.costco-static.com/U447IH35/as/r6v8mv958xntxwfgm3bts6/4000327674-847__1?auto=webp&format=jpg&width=350&height=350&fit=bounds&canvas=350,350","https://www.costco.com/s?keyword=online%20only","Online Only","$299.97","()","255","Delivery","Available","Compare","Add to Cart","","",""
"https://www.costco.com/calvin-klein-luminosity-black-ivory-area-rug-53-x-73.product.4000327590.html","Calvin Klein Luminosity Black Ivory Area Rug, 5'3"" x 7'3""","https://bfasset.costco-static.com/U447IH35/as/s6sr6kk8gp6j3rqjmxgqw4/4000327590-847__1?auto=webp&format=jpg&width=350&height=350&fit=bounds&canvas=350,350","https://www.costco.com/s?keyword=online%20only","Online Only","$99.97","()","255","Delivery","Available","Compare","Add to Cart","","",""
"https://www.costco.com/calvin-klein-luminosity-ivory-gray-area-rug-53-x-73.product.4000328275.html","Calvin Klein Luminosity Ivory Gray Area Rug, 5'3"" x 7'3""","https://bfasset.costco-static.com/U447IH35/as/3qkz2vgbqnbbn646jh4wf3/4000328275-847__1?auto=webp&format=jpg&width=350&height=350&fit=bounds&canvas=350,350","https://www.costco.com/s?keyword=online%20only","Online Only","$99.97","()","255","Delivery","Available","Compare","Add to Cart","","",""
"https://www.costco.com/kirkland-signature-mens-lounge-pant.product.4000360935.html","Kirkland Signature Men’s Lounge Pant","https://bfasset.costco-static.com/U447IH35/as/bs7w6qg5mgjfwgmt8b9cmcz/4000360935-847_blue_1?auto=webp&format=jpg&width=350&height=350&fit=bounds&canvas=350,350","https://www.costco.com/s?keyword=online%20only","Online Only","$14.97","()","76","Delivery","Available","Compare","Select Options","","","https://www.costco.com/kirkland-signature-mens-lounge-pant.product.4000360935.html"
"https://www.costco.com/converse-mens-logo-hoodie.product.4000364744.html","Converse Men's Logo Hoodie","https://bfasset.costco-static.com/U447IH35/at/whvk2jf4332j5bp379hks6pt/4000364744-847_blue_1.jpg?width=350&height=350&fit=bounds&canvas=350,350","","","$16.97","()","44","Delivery","Available","Compare","Select Options","","","https://www.costco.com/converse-mens-logo-hoodie.product.4000364744.html"
"https://www.costco.com/14kt-yellow-gold-wide-hoop-earrings.product.4000231534.html","14kt Yellow Gold Wide Hoop Earrings","https://bfasset.costco-static.com/U447IH35/as/jrrhtbw85vp7sknxts95srk/1795553-847__1?auto=webp&format=jpg&width=350&height=350&fit=bounds&canvas=350,350","","","$279.97","()","123","Delivery","Available","Compare","Add to Cart","Ship to Warehouse","Available",""
"https://www.costco.com/kirkland-signature-mens-traditional-fit-dress-shirt-blue.product.4000313701.html","Kirkland Signature Men’s Traditional Fit Dress Shirt, Blue","https://bfasset.costco-static.com/U447IH35/as/kp8cgcn6q4cgfvgtv5hx585g/4000313701-847__1?auto=webp&format=jpg&width=350&height=350&fit=bounds&canvas=350,350","https://www.costco.com/s?keyword=online%20only","Online Only","$19.97","()","29","Delivery","Available","Compare","Select Options","","","https://www.costco.com/kirkland-signature-mens-traditional-fit-dress-shirt-blue.product.4000313701.html"
"https://www.costco.com/kirkland-signature-mens-traditional-fit-dress-shirt-teal-blue.product.4000313626.html","Kirkland Signature Men’s Traditional Fit Dress Shirt, Teal Blue","https://bfasset.costco-static.com/U447IH35/as/b8c3hfcgxfmcfbth6psghvc6/4000313626-847__1?auto=webp&format=jpg&width=350&height=350&fit=bounds&canvas=350,350","https://www.costco.com/s?keyword=online%20only","Online Only","$19.97","()","12","Delivery","Available","Compare","Select Options","","","https://www.costco.com/kirkland-signature-mens-traditional-fit-dress-shirt-teal-blue.product.4000313626.html"
"https://www.costco.com/kirkland-signature-mens-traditional-fit-dress-shirt-navy.product.4000313641.html","Kirkland Signature Men’s Traditional Fit Dress Shirt, Navy","https://bfasset.costco-static.com/U447IH35/as/qxn4wm5hzcs3fkqh9rb2c3v/4000313641-847__1?auto=webp&format=jpg&width=350&height=350&fit=bounds&canvas=350,350","https://www.costco.com/s?keyword=online%20only","Online Only","Members Only","()","20","Delivery","Available","Compare","Sign In for Details","","",""
"https://www.costco.com/character-womens-one-piece-pajama.product.4000328466.html","Character Women's One-Piece Pajama","https://bfasset.costco-static.com/U447IH35/as/7pf9snm8gc33sjfqwf9fx2n/4000328466-847_stitch_1?auto=webp&format=jpg&width=350&height=350&fit=bounds&canvas=350,350","","","$7.97","()","121","Delivery","Available","Compare","Select Options","","","https://www.costco.com/character-womens-one-piece-pajama.product.4000328466.html"
"https://www.costco.com/nze-premium-energy-pouches-lemon-cherry-15-pouches-per-can-6-count.product.4000331588.html","NZE Premium Energy Pouches, Lemon Cherry, 15 Pouches per Can, 6-Count","https://bfasset.costco-static.com/U447IH35/as/fxkzt6x9czkvfth466wk97t/1904289-847__1?auto=webp&format=jpg&width=350&height=350&fit=bounds&canvas=350,350","https://www.costco.com/all-costco-grocery.html","Item may be available in your local warehouse, prices may vary.","$14.97","()","8","Delivery","Available","","Add to Cart","","",""
"https://www.costco.com/dockers-mens-chino-pant.product.4000346943.html","Dockers Men's Chino Pant","https://bfasset.costco-static.com/U447IH35/at/f8rghv2gx7nthmkrwz37sjjb/4000346943-847_gray_1.jpg?width=350&height=350&fit=bounds&canvas=350,350","https://www.costco.com/s?keyword=online%20only","Online Only","$19.97","()","63","Delivery","Available","Compare","Select Options","","","https://www.costco.com/dockers-mens-chino-pant.product.4000346943.html"
"https://www.costco.com/john-deere-mens-long-sleeve-tee.product.4000348268.html","John Deere Men's Long Sleeve Tee","https://bfasset.costco-static.com/U447IH35/as/26878xccjqxxtxmmgft9nxs/4000348268-847_green_1?auto=webp&format=jpg&width=350&height=350&fit=bounds&canvas=350,350","","","$9.97","()","190","Delivery","Available","Compare","Select Options","","","https://www.costco.com/john-deere-mens-long-sleeve-tee.product.4000348268.html"
"https://www.costco.com/izod-mens-luxe-twill-button-down-shirt.product.4000342247.html","Izod Men's Luxe Twill Button Down Shirt","https://bfasset.costco-static.com/U447IH35/as/r3q3kxs82p99x4nm2hr6p6x/4000342247-847_green_1?auto=webp&format=jpg&width=350&height=350&fit=bounds&canvas=350,350","","","$12.97","()","52","Delivery","Available","Compare","Select Options","","","https://www.costco.com/izod-mens-luxe-twill-button-down-shirt.product.4000342247.html"
"https://www.costco.com/bench-womens-long-puffer-jacket.product.4000338226.html","Bench. Women's Long Puffer Jacket","https://bfasset.costco-static.com/U447IH35/at/5t96fn7shm9wtx7gxf5fgrs3/4000338226-847_cream_1.jpg?width=350&height=350&fit=bounds&canvas=350,350","https://www.costco.com/s?keyword=online%20only","Online Only","$29.97","()","623","Delivery","","Compare","See Details","","Out of Stock","https://www.costco.com/bench-womens-long-puffer-jacket.product.4000338226.html"
"https://www.costco.com/anihana-shower-steamers-176-oz-12-pack.product.4000340933.html","anihana Shower Steamers, 1.76 oz, 12-pack","https://bfasset.costco-static.com/U447IH35/as/4jn3gvgzwh3jsbgcns4vtzjn/4000340933-847_sweetandserene_1?auto=webp&format=jpg&width=350&height=350&fit=bounds&canvas=350,350","https://www.costco.com/s?keyword=online%20only","Online Only","$24.97","()","10","Delivery","Available","Compare","Select Options","","","https://www.costco.com/anihana-shower-steamers-176-oz-12-pack.product.4000340933.html"
"https://www.costco.com/express-womens-straight-leg-ankle-jean.product.4000360960.html","Express Women's Straight Leg Ankle Jean","https://bfasset.costco-static.com/U447IH35/as/88pq793vmvbkr7bhhhmv48t/4000360960-847_navy_1?auto=webp&format=jpg&width=350&height=350&fit=bounds&canvas=350,350","https://www.costco.com/s?keyword=online%20only","Online Only","$9.97","()","16","Delivery","Available","Compare","Select Options","","","https://www.costco.com/express-womens-straight-leg-ankle-jean.product.4000360960.html"
"https://www.costco.com/round-brilliant-120-ctw-vs2-clarity-i-color-diamond-platinum-halo-ring.product.4000217496.html","Round Brilliant 1.20 ctw VS2 Clarity, I Color Diamond Platinum Halo Ring","https://bfasset.costco-static.com/U447IH35/as/xwnwjptp8vhk5z59kwmpjq4p/1773679-847__1?auto=webp&format=jpg&width=350&height=350&fit=bounds&canvas=350,350","","","$2,799.97","()","5","Delivery","Available","Compare","Add to Cart","Ship to Warehouse","Available",""
"https://www.costco.com/jachs-mens-hoodie.product.4000334417.html","Jachs Men's Hoodie","https://bfasset.costco-static.com/U447IH35/as/wn87rtwb6vm4mqspgpvmh7/4000334417-847_red_1?auto=webp&format=jpg&width=350&height=350&fit=bounds&canvas=350,350","","","$14.97","()","117","Delivery","Available","Compare","Select Options","","","https://www.costco.com/jachs-mens-hoodie.product.4000334417.html"
"https://www.costco.com/ted-baker-mens-long-sleeve-button-up-shirt.product.4000346328.html","Ted Baker Men's Long Sleeve Button Up Shirt","https://bfasset.costco-static.com/U447IH35/at/gqjjp7rgs8p5cttjrtcbgssc/4000346328-847_red_2.jpg?auto=webp&format=jpg&width=350&height=350&fit=bounds&canvas=350,350","","","$14.97","()","35","Delivery","Available","Compare","Select Options","","","https://www.costco.com/ted-baker-mens-long-sleeve-button-up-shirt.product.4000346328.html"
"https://www.costco.com/jones-new-york-womens-belted-quilt-jacket.product.4000338764.html","Jones New York Women's Belted Quilt Jacket","https://bfasset.costco-static.com/U447IH35/at/rbmx4gnhsq8pt58kr289wnr/4000338764-847_brown_1.jpg?width=350&height=350&fit=bounds&canvas=350,350","","","$24.97","()","59","Delivery","Available","Compare","Select Options","","","https://www.costco.com/jones-new-york-womens-belted-quilt-jacket.product.4000338764.html"
"https://www.costco.com/draper-james-kids-dress-coat.product.4000349863.html","Draper James Kids' Dress Coat","https://bfasset.costco-static.com/U447IH35/as/ntsnghssmh467h4trbbcg7g/4000349863-847_purple_1?auto=webp&format=jpg&width=350&height=350&fit=bounds&canvas=350,350","https://www.costco.com/s?keyword=online%20only","Online Only","$9.97","()","14","Delivery","Available","Compare","Select Options","","","https://www.costco.com/draper-james-kids-dress-coat.product.4000349863.html"
"https://www.costco.com/rug--co-chloe-aurelia-area-rug.product.4000335607.html","Rug & Co. Chloe Aurelia Area Rug","https://bfasset.costco-static.com/U447IH35/at/chgx4k5c2qm99z2zjhgmss7n/4000335607-847_7ft10inx10ft_1.jpg?auto=webp&format=jpg&width=350&height=350&fit=bounds&canvas=350,350","https://www.costco.com/s?keyword=online%20only","Online Only","$129.97 - $499.97","()","66","Delivery","Available","Compare","Select Options","","","https://www.costco.com/rug--co-chloe-aurelia-area-rug.product.4000335607.html"
"https://www.costco.com/atmore-top-grain-leather-chair.product.4000359826.html","Atmore Top Grain Leather Chair","https://bfasset.costco-static.com/U447IH35/as/fkrkf9f6x75s9r78bvss9m8/4000359826-847__1?auto=webp&format=jpg&width=350&height=350&fit=bounds&canvas=350,350","https://www.costco.com/s?keyword=online%20only","Online Only","$399.97","()","1,094","Delivery","Available","Compare","Add to Cart","Costco Direct","",""
"https://www.costco.com/nourison-messina-area-rug-collection-madonnina.product.4000258557.html","Nourison Messina Area Rug Collection, Madonnina","https://bfasset.costco-static.com/U447IH35/as/4tkb7429hmp8858tp83cw8z/4000258557-847__1?auto=webp&format=jpg&width=350&height=350&fit=bounds&canvas=350,350","https://www.costco.com/s?keyword=online%20only","Online Only","$39.97 - $249.97","()","116","Delivery","Available","Compare","Select Options","","","https://www.costco.com/nourison-messina-area-rug-collection-madonnina.product.4000258557.html"
"https://www.costco.com/nourison-messina-area-rug-collection-orion.product.4000258224.html","Nourison Messina Area Rug Collection, Orion","https://bfasset.costco-static.com/U447IH35/as/f3hpbh3qsbgz2cb7jfrkms/4000258224-847__1?auto=webp&format=jpg&width=350&height=350&fit=bounds&canvas=350,350","https://www.costco.com/s?keyword=online%20only","Online Only","$39.97 - $69.97","()","116","Delivery","Available","Compare","Select Options","","","https://www.costco.com/nourison-messina-area-rug-collection-orion.product.4000258224.html"
"https://www.costco.com/empire-rug-collection-karai-gray.product.4000230769.html","Empire Rug Collection, Karai Gray","https://bfasset.costco-static.com/U447IH35/as/c77bvstgffkr7rrpb38bxsx/4000230769-847__1?auto=webp&format=jpg&width=350&height=350&fit=bounds&canvas=350,350","https://www.costco.com/s?keyword=online%20only","Online Only","$69.97","()","378","Delivery","Available","Compare","Add to Cart","","",""
"https://www.costco.com/izod-mens-chukka-boot.product.4000253110.html","IZOD Men's Chukka Boot","https://bfasset.costco-static.com/U447IH35/at/khbhrbrcqr7vkkcn82p4nqc/4000253110-847_black_1.jpg?auto=webp&format=jpg&width=350&height=350&fit=bounds&canvas=350,350","","","$24.97","()","246","Delivery","Available","Compare","Select Options","","","https://www.costco.com/izod-mens-chukka-boot.product.4000253110.html"
"https://www.costco.com/ove-decors-infinity-freestanding-waterfall-spout-bathtub-faucet.product.100160399.html","OVE Decors Infinity Freestanding Waterfall Spout Bathtub Faucet","https://bfasset.costco-static.com/U447IH35/as/5t6sz33jnvrqbvxc8t3hcmj/100160399-847__1?auto=webp&format=jpg&width=350&height=350&fit=bounds&canvas=350,350","https://www.costco.com/s?keyword=online%20only","Online Only","$199.97","()","45","Delivery","Available","Compare","Add to Cart","","",""
"https://www.costco.com/perricone-md-hypoallergenic-firming-eye-cream-05-fl-oz.product.100421665.html","Perricone MD Hypoallergenic Firming Eye Cream, 0.5 fl oz","https://bfasset.costco-static.com/U447IH35/as/n7hq65k57nn9689g9sfcb8g5/1260331-847__1?auto=webp&format=jpg&width=350&height=350&fit=bounds&canvas=350,350","","Warehouse pricing may vary","$38.99","()","2,150","Delivery","In Stock","Compare","See Details","Buy in Warehouse","Out of Stock","https://www.costco.com/perricone-md-hypoallergenic-firming-eye-cream-05-fl-oz.product.100421665.html"
"https://www.costco.com/emerald-cut--round-brilliant-674-ctw-vs2-clarity-h-color-diamond-18kt-white-gold-bracelet.product.4000313007.html","Emerald Cut & Round Brilliant 6.74 ctw VS2 Clarity, H Color Diamond 18kt White Gold Bracelet","https://bfasset.costco-static.com/U447IH35/as/mf6sh5fg582j944pks3fcjm/4000313007-847__1?auto=webp&format=jpg&width=350&height=350&fit=bounds&canvas=350,350","https://www.costco.com/s?keyword=online%20only","Online Only","$16,999.97","","(No ratings yet)","Delivery","Available","Compare","Add to Cart","Ship to Warehouse","Available",""
"https://www.costco.com/best-massage-serenity-deluxe-2d-zero-gravity-massage-chair.product.4000329720.html","Best Massage Serenity Deluxe 2D Zero Gravity Massage Chair","https://bfasset.costco-static.com/U447IH35/as/scsqpsnfrsp5mncghcmnz79/4000329720-847_brown_1?auto=webp&format=jpg&width=350&height=350&fit=bounds&canvas=350,350","https://www.costco.com/s?keyword=online%20only","Online Only","$999.97","()","58","Delivery","Available","Compare","Select Options","Color:","Brown","https://www.costco.com/best-massage-serenity-deluxe-2d-zero-gravity-massage-chair.product.4000329720.html"
"https://www.costco.com/hunter-womens-jacket.product.4000328666.html","Hunter Women's Jacket","https://bfasset.costco-static.com/U447IH35/as/h5rvpcsxcfgtpmgtgbqpmzt6/4000328666-847_tan_1?auto=webp&format=jpg&width=350&height=350&fit=bounds&canvas=350,350","","","$19.97","()","288","Delivery","","Compare","See Details","","Out of Stock","https://www.costco.com/hunter-womens-jacket.product.4000328666.html"
"https://www.costco.com/ted-baker-mens-textured-sweater.product.4000346374.html","Ted Baker Men's Textured Sweater","https://bfasset.costco-static.com/U447IH35/as/bqgbs6937zwnwv3vwhv44qtk/4000346374-847_blue_1?auto=webp&format=jpg&width=350&height=350&fit=bounds&canvas=350,350","https://www.costco.com/s?keyword=online%20only","Online Only","$14.97","()","24","Delivery","Available","Compare","Select Options","","","https://www.costco.com/ted-baker-mens-textured-sweater.product.4000346374.html"
"https://www.costco.com/jachs-mens-shirt-jacket.product.4000346894.html","Jachs Men's Shirt Jacket","https://bfasset.costco-static.com/U447IH35/at/mv3mjnm47j99sx89qvgc6w6f/4000346894-847_blue_1.jpg?width=350&height=350&fit=bounds&canvas=350,350","","","$14.97","()","413","Delivery","Available","Compare","Select Options","","","https://www.costco.com/jachs-mens-shirt-jacket.product.4000346894.html"
"https://www.costco.com/carters-kids-jacket.product.4000338316.html","Carter's Kids' Jacket","https://bfasset.costco-static.com/U447IH35/as/2rvj94gfnrr64mm9x643kt/4000338316-847__1?auto=webp&format=jpg&width=350&height=350&fit=bounds&canvas=350,350","","","$9.97","()","32","Delivery","Available","Compare","Select Options","","","https://www.costco.com/carters-kids-jacket.product.4000338316.html"
"https://www.costco.com/saint-eve-kids-4-piece-pj-set.product.4000350328.html","Saint Eve Kids' 4-piece PJ Set","https://bfasset.costco-static.com/U447IH35/as/7s34mk4j65839xpcnxpbcvx/4000350328-847_blue_1?auto=webp&format=jpg&width=350&height=350&fit=bounds&canvas=350,350","","","$9.97","()","17","Delivery","Available","Compare","Select Options","","","https://www.costco.com/saint-eve-kids-4-piece-pj-set.product.4000350328.html"
"https://www.costco.com/tommy-hilfiger-mens-3-in-1-jacket.product.4000344059.html","Tommy Hilfiger Men's 3-in-1 Jacket","https://bfasset.costco-static.com/U447IH35/as/kzcz5ztnf8b5hhrhg4hxpxvj/4000344059-847_darkblue_1?auto=webp&format=jpg&width=350&height=350&fit=bounds&canvas=350,350","","","$44.97","()","55","Delivery","Available","Compare","Add to Cart","","",""
"https://www.costco.com/empire-rug-collection-tree-of-life.product.4000153923.html","Empire Rug Collection, Tree of Life","https://bfasset.costco-static.com/U447IH35/as/9k2wsq7jpm25gssnmhgvswff/4000153923-847__1?auto=webp&format=jpg&width=350&height=350&fit=bounds&canvas=350,350","https://www.costco.com/s?keyword=online%20only","Online Only","$99.97","()","378","Delivery","Available","Compare","Add to Cart","","",""
"https://www.costco.com/orvis-mens-flannel-shirt.product.4000360731.html","Orvis Men’s Flannel Shirt","https://bfasset.costco-static.com/U447IH35/at/vsf5vxrbns9stk53tg7p8xj/4000360731-847_green_1.jpg?width=350&height=350&fit=bounds&canvas=350,350","","","$14.97","()","189","Delivery","Available","Compare","Select Options","","","https://www.costco.com/orvis-mens-flannel-shirt.product.4000360731.html"
"https://www.costco.com/acer-nitro-34-class-qhd-curved-gaming-monitor.product.4000325478.html","Acer Nitro 34"" Class QHD Curved Gaming Monitor","https://bfasset.costco-static.com/U447IH35/as/f4s3wbbkk4m8gttcskcf8hjt/4000325478-847__1?auto=webp&format=jpg&width=350&height=350&fit=bounds&canvas=350,350","https://www.costco.com/s?keyword=online%20only","Online Only","$299.97","()","49","Delivery","Available","Compare","Add to Cart","","",""
"https://www.costco.com/gladiator-by-whirlpool-178-cu-ft-refrigerator-with-energy-star-qualified.product.100418682.html","Gladiator by Whirlpool 17.8 cu. ft. Refrigerator with ENERGY STAR Qualified","https://bfasset.costco-static.com/U447IH35/as/pnxkf3fc6s4krsvqcnw5snb/1255374-847__1?auto=webp&format=jpg&width=350&height=350&fit=bounds&canvas=350,350","https://www.costco.com/s?keyword=costco%20direct","Online Only","Members Only","()","250","Delivery","Available","Compare","Sign In for Details","Costco Direct","",""
"https://www.costco.com/champion-youth-pant.product.4000321221.html","Champion Youth Pant","https://bfasset.costco-static.com/U447IH35/as/2n5c3xkkc5h7vmvzjmk6fq/4000321221-847__1?auto=webp&format=jpg&width=350&height=350&fit=bounds&canvas=350,350","","","$9.97","()","35","Delivery","","Compare","See Details","","Out of Stock","https://www.costco.com/champion-youth-pant.product.4000321221.html"
"https://www.costco.com/columbia-mens-shirt-jacket.product.4000346273.html","Columbia Men's Shirt Jacket","https://bfasset.costco-static.com/U447IH35/as/54xfjbv767fv38xg4rxjjgw/4000346273-847_black_1?auto=webp&format=jpg&width=350&height=350&fit=bounds&canvas=350,350","","","Members Only","()","19","Delivery","Available","Compare","Sign In for Details","","",""
"https://www.costco.com/jb-britches-mens-dress-pant.product.4000347160.html","JB Britches Men's Dress Pant","https://bfasset.costco-static.com/U447IH35/as/mrcz5ppbqv38bv6mm5kxqwq/4000347160-847_gray_1?auto=webp&format=jpg&width=350&height=350&fit=bounds&canvas=350,350","","","$14.97","()","71","Delivery","Available","Compare","Select Options","","","https://www.costco.com/jb-britches-mens-dress-pant.product.4000347160.html"
"https://www.costco.com/character-kids-plush-hoodie.product.4000337098.html","Character Kids' Plush Hoodie","https://bfasset.costco-static.com/U447IH35/as/rvxrsvpt8w585mnqbmcbct/4000337098-847__1?auto=webp&format=jpg&width=350&height=350&fit=bounds&canvas=350,350","","","$9.97","()","62","Delivery","Available","Compare","Select Options","","","https://www.costco.com/character-kids-plush-hoodie.product.4000337098.html"
"https://www.costco.com/khq-kids-4-piece-playwear-set.product.4000338268.html","KHQ Kids' 4-piece Playwear Set","https://bfasset.costco-static.com/U447IH35/at/nbgcw9x97sxksxkrj4j7gxnb/4000338268-847__1.jpg?width=350&height=350&fit=bounds&canvas=350,350","","","$12.97","()","32","Delivery","Available","Compare","Select Options","","","https://www.costco.com/khq-kids-4-piece-playwear-set.product.4000338268.html"
"https://www.costco.com/little-me-baby-4-piece-coverall-set.product.4000349733.html","Little Me Baby 4-piece Coverall Set","https://bfasset.costco-static.com/U447IH35/as/sbrhf38rsqm6r9qck8th/4000349733-847__1?auto=webp&format=jpg&width=350&height=350&fit=bounds&canvas=350,350","","","$12.97","()","25","Delivery","Available","Compare","Select Options","","","https://www.costco.com/little-me-baby-4-piece-coverall-set.product.4000349733.html"
"https://www.costco.com/puma-youth-tech-fleece-hoodie.product.4000350330.html","PUMA Youth Tech Fleece Hoodie","https://bfasset.costco-static.com/U447IH35/as/k94w84sprx7zfxsssm5j9g7s/4000350330-847_blue_1?auto=webp&format=jpg&width=350&height=350&fit=bounds&canvas=350,350","","","$9.97","()","17","Delivery","Available","Compare","Select Options","","","https://www.costco.com/puma-youth-tech-fleece-hoodie.product.4000350330.html"
"https://www.costco.com/nourison-messina-area-rug-collection-fontana.product.4000262888.html","Nourison Messina Area Rug Collection, Fontana","https://bfasset.costco-static.com/U447IH35/as/39c44f44bqcw3wrgrg94f9/4000262888-847__1?auto=webp&format=jpg&width=350&height=350&fit=bounds&canvas=350,350","https://www.costco.com/s?keyword=online%20only","Online Only","$39.97","()","116","Delivery","Available","Compare","Add to Cart","","",""
"https://www.costco.com/adidas-youth-hoodie.product.4000370399.html","adidas Youth Hoodie","https://bfasset.costco-static.com/U447IH35/as/5x7mb667sjtgvw6mmx2zr9/4000370399-847_black_1?auto=webp&format=jpg&width=350&height=350&fit=bounds&canvas=350,350","","","$14.97","()","18","Delivery","Available","Compare","Select Options","","","https://www.costco.com/adidas-youth-hoodie.product.4000370399.html"
"https://www.costco.com/gap-mens-logo-crewneck.product.4000361243.html","Gap Men's Logo Crewneck","https://bfasset.costco-static.com/U447IH35/as/wk6rshb3p9v3vzhw5hr7f/4000361243-847_gray_1?auto=webp&format=jpg&width=350&height=350&fit=bounds&canvas=350,350","https://www.costco.com/s?keyword=online%20only","Online Only","$14.97","()","10","Delivery","Available","Compare","Select Options","","","https://www.costco.com/gap-mens-logo-crewneck.product.4000361243.html"
"https://www.costco.com/heart-shape--round-brilliant-100-ctw-vs2-clarity-i-color-diamond-14kt-white-gold-ring.product.4000189263.html","Heart Shape & Round Brilliant 1.00 ctw VS2 Clarity, I Color Diamond 14kt White Gold Ring","https://bfasset.costco-static.com/U447IH35/as/g4vfrhftbv8hmj7hrzb5j4k/1749716-847__1?auto=webp&format=jpg&width=350&height=350&fit=bounds&canvas=350,350","","","$1,999.97","()","9","Delivery","Available","Compare","Add to Cart","Ship to Warehouse","Available",""
"https://www.costco.com/colorado-clothing-mens-faux-wool-jacket.product.4000340871.html","Colorado Clothing Men's Faux Wool Jacket","https://bfasset.costco-static.com/U447IH35/as/qcbk4f8cvmx47mpbfbnqr8g/4000340871-847_black_1?auto=webp&format=jpg&width=350&height=350&fit=bounds&canvas=350,350","https://www.costco.com/s?keyword=online%20only","Online Only","$19.97","()","48","Delivery","Available","Compare","Select Options","","","https://www.costco.com/colorado-clothing-mens-faux-wool-jacket.product.4000340871.html"
"https://www.costco.com/adrianna-papell-womens-twofer-sweater-vest-blouse.product.4000336082.html","Adrianna Papell Women's Twofer Sweater Vest Blouse","https://bfasset.costco-static.com/U447IH35/at/v7qxx7nqrvtnsgrr468h8s7n/4000336082-847_cream_1.jpg?width=350&height=350&fit=bounds&canvas=350,350","https://www.costco.com/s?keyword=online%20only","Online Only","$9.97","()","47","Delivery","Available","Compare","Select Options","","","https://www.costco.com/adrianna-papell-womens-twofer-sweater-vest-blouse.product.4000336082.html"
"https://www.costco.com/wrangler-mens-brushed-knit-shirt.product.4000339849.html","Wrangler Men's Brushed Knit Shirt","https://bfasset.costco-static.com/U447IH35/as/qb77nv39pj4prxwgv2tkzj7/4000339849-847_brown_1?auto=webp&format=jpg&width=350&height=350&fit=bounds&canvas=350,350","","","$14.97","()","97","Delivery","Available","Compare","Select Options","","","https://www.costco.com/wrangler-mens-brushed-knit-shirt.product.4000339849.html"
"https://www.costco.com/primal-elements-sugar-whip-moisturizing-sugar-scrub---tahitian-vanilla-10-fl-oz-2-pack.product.4000297340.html","Primal Elements Sugar Whip Moisturizing Sugar Scrub - Tahitian Vanilla, 10 fl oz, 2-pack","https://bfasset.costco-static.com/U447IH35/as/mrgqg44bnhqwb929sqq4qxt/4000297340-847__1?auto=webp&format=jpg&width=350&height=350&fit=bounds&canvas=350,350","https://www.costco.com/s?keyword=online%20only","Online Only","$19.97","()","15","Delivery","Available","Compare","Add to Cart","","",""
"https://www.costco.com/henredon-murphy-fabric-swivel-chair-green.product.4000342735.html","Henredon Murphy Fabric Swivel Chair, Green","https://bfasset.costco-static.com/U447IH35/as/53xsjvt5nf87gnsg48zkc93/4000342735-847__1?auto=webp&format=jpg&width=350&height=350&fit=bounds&canvas=350,350","https://www.costco.com/s?keyword=online%20only","Online Only","$299.97","()","1,256","Delivery","","Compare","See Details","Costco Direct","Out of Stock","https://www.costco.com/henredon-murphy-fabric-swivel-chair-green.product.4000342735.html"
"https://www.costco.com/pendleton-womens-wool-blend-barn-coat.product.4000263187.html","Pendleton Women's Wool Blend Barn Coat","https://bfasset.costco-static.com/U447IH35/as/hnt3r9jp9gwgpsgpt38266t/4000263187-847_tan_1?auto=webp&format=jpg&width=350&height=350&fit=bounds&canvas=350,350","https://www.costco.com/s?keyword=online%20only","Online Only","$39.97","()","93","Delivery","Available","Compare","Select Options","","","https://www.costco.com/pendleton-womens-wool-blend-barn-coat.product.4000263187.html"
"https://www.costco.com/round-brilliant-050-ctw-vs2-clarity-i-color-diamond-14kt-white-gold-flower-necklace.product.4000068357.html","Round Brilliant 0.50 ctw VS2 Clarity, I Color Diamond 14kt White Gold Flower Necklace","https://bfasset.costco-static.com/U447IH35/as/xs4whxf5ttbvqswcvh7kkkb/1703611-847__1?auto=webp&format=jpg&width=350&height=350&fit=bounds&canvas=350,350","https://www.costco.com/s?keyword=online%20only","Online Only","$799.97","()","59","Delivery","Available","Compare","Add to Cart","Ship to Warehouse","Available",""
"https://www.costco.com/round-brilliant-118-ctw-vs2-clarity-i-color-diamond-14kt-two-tone-gold-ring.product.4000226020.html","Round Brilliant 1.18 ctw VS2 Clarity, I Color Diamond 14kt Two Tone Gold Ring","https://bfasset.costco-static.com/U447IH35/as/582g7kjqmk3kjn6kgqfwsqq/4000226020-847__1?auto=webp&format=jpg&width=350&height=350&fit=bounds&canvas=350,350","","","$2,999.97","()","12","Delivery","Available","Compare","Select Options","Ship to Warehouse","Available","https://www.costco.com/round-brilliant-118-ctw-vs2-clarity-i-color-diamond-14kt-two-tone-gold-ring.product.4000226020.html"
"https://www.costco.com/gap-mens-logo-jogger.product.4000362133.html","Gap Men's Logo Jogger","https://bfasset.costco-static.com/U447IH35/as/cv4rms6z6pf4q7qtwrqmx9cn/4000362133-847_gray_1?auto=webp&format=jpg&width=350&height=350&fit=bounds&canvas=350,350","https://www.costco.com/s?keyword=online%20only","Online Only","$12.97","()","56","Delivery","Available","Compare","Select Options","","","https://www.costco.com/gap-mens-logo-jogger.product.4000362133.html"
"https://www.costco.com/eurodib-undercounter-high-temperature-commercial-dishwasher-stainless-steel.product.4000234430.html","Eurodib Undercounter High Temperature Commercial Dishwasher, Stainless Steel","https://bfasset.costco-static.com/U447IH35/as/v7gnnq28cqkj29b8qpqpmmbp/4143677-847__1?auto=webp&format=jpg&width=350&height=350&fit=bounds&canvas=350,350","https://www.costco.com/s?keyword=costco%20direct","Costco Direct","$2,799.97","()","5","Delivery","Available","Compare","Add to Cart","","",""
"https://www.costco.com/princess-cut--round-brilliant-200-ctw-vs2-clarity-g-color-diamond-platinum-halo-ring.product.4000032697.html","Princess Cut & Round Brilliant 2.00 ctw VS2 Clarity, G Color Diamond Platinum Halo Ring","https://bfasset.costco-static.com/U447IH35/as/xwn45b37f8xbtq2gft53tpm/1680256-847__1?auto=webp&format=jpg&width=350&height=350&fit=bounds&canvas=350,350","","","$6,999.97","()","16","Delivery","Available","Compare","Add to Cart","Ship to Warehouse","Available",""
"https://www.costco.com/emerald-cut--round-brilliant-200-ctw-vs2-clarity-g-color-diamond-platinum-halo-ring.product.4000032492.html","Emerald Cut & Round Brilliant 2.00 ctw VS2 Clarity, G Color Diamond Platinum Halo Ring","https://bfasset.costco-static.com/U447IH35/as/wbgpqbm45jpz6jxj3khhp45t/1680287-847__1?auto=webp&format=jpg&width=350&height=350&fit=bounds&canvas=350,350","","","$6,999.97","()","25","Delivery","Available","Compare","Add to Cart","Ship to Warehouse","Available",""
"https://www.costco.com/osaki-os-4000xt-massage-chair.product.100713627.html","Osaki OS-4000XT Massage Chair","https://bfasset.costco-static.com/U447IH35/as/j9hw3chzfzqk85c4mfstjg9/100713627-847_beige_1?auto=webp&format=jpg&width=350&height=350&fit=bounds&canvas=350,350","https://www.costco.com/s?keyword=online%20only","Online Only","$1,699.97","()","1,888","Delivery","Available","Compare","Select Options","Color:","Beige","https://www.costco.com/osaki-os-4000xt-massage-chair.product.100713627.html"
"https://www.costco.com/band-youth-hoodie.product.4000346084.html","Band Youth Hoodie","https://bfasset.costco-static.com/U447IH35/as/4k5mvxnhhjbfgbkcgf8jfrr/4000346084-847__1?auto=webp&format=jpg&width=350&height=350&fit=bounds&canvas=350,350","https://www.costco.com/s?keyword=online%20only","Online Only","$6.97","()","17","Delivery","Available","Compare","Select Options","","","https://www.costco.com/band-youth-hoodie.product.4000346084.html"
"https://www.costco.com/mondetta-youth-quilted-jacket.product.4000336887.html","Mondetta Youth Quilted Jacket","https://bfasset.costco-static.com/U447IH35/as/8b88729v4n3f64mk8t8csr/4000336887-847_black_1?auto=webp&format=jpg&width=350&height=350&fit=bounds&canvas=350,350","","","$12.97","()","22","Delivery","Available","Compare","Select Options","","","https://www.costco.com/mondetta-youth-quilted-jacket.product.4000336887.html"
"https://www.costco.com/mondetta-youth-2-piece-set.product.4000337488.html","Mondetta Youth 2-piece Set","https://bfasset.costco-static.com/U447IH35/as/mn4qphfg63k4rrxxk63gcwjp/4000337488-847_pink_1?auto=webp&format=jpg&width=350&height=350&fit=bounds&canvas=350,350","","","$14.97","()","80","Delivery","Available","Compare","Select Options","","","https://www.costco.com/mondetta-youth-2-piece-set.product.4000337488.html"
"https://www.costco.com/carters-baby-3-piece-jacket-set.product.4000338437.html","Carter's Baby 3-piece Jacket Set","https://bfasset.costco-static.com/U447IH35/as/cp7xjhgkxs8hkczkzkc57n5/4000338437-847__1?auto=webp&format=jpg&width=350&height=350&fit=bounds&canvas=350,350","","","$9.97","()","34","Delivery","Available","Compare","Select Options","","","https://www.costco.com/carters-baby-3-piece-jacket-set.product.4000338437.html"
"https://www.costco.com/tineco-homekit-5-bundle-floorwasher-5-wetdry-vacuum--go-mini-handheld-vacuum.product.4000309361.html","Tineco Homekit 5 Bundle: FloorWasher 5 Wet/Dry Vacuum + GO Mini Handheld Vacuum","https://bfasset.costco-static.com/U447IH35/as/sx9v57r5grp5qjqvpwk48x8f/4000309361-847__1?auto=webp&format=jpg&width=350&height=350&fit=bounds&canvas=350,350","https://www.costco.com/s?keyword=online%20only","Online Only","$299.97","()","488","Delivery","Available","Compare","Add to Cart","","",""
"https://www.costco.com/princess-cut-147ctw-vs2-clarity-i-color-diamond-18kt-white-gold-ring.product.100797894.html","Princess cut 1.47ctw VS2 Clarity, I Color Diamond 18kt White Gold Ring","https://bfasset.costco-static.com/U447IH35/as/vbmhsbhjtt846bb4w5hp9tp/1591747-847__1?auto=webp&format=jpg&width=350&height=350&fit=bounds&canvas=350,350","https://www.costco.com/s?keyword=online%20only","Online Only","$5,999.97","()","4","Delivery","Available","Compare","Add to Cart","Ship to Warehouse","Available",""
"https://www.costco.com/levis-youth-slim-511-jean.product.4000318397.html","Levi's Youth Slim 511 Jean","https://bfasset.costco-static.com/U447IH35/at/8nr835rgc8g89nbrpvft4w/4000318397-847__4.jpg?auto=webp&format=jpg&width=350&height=350&fit=bounds&canvas=350,350","","","$12.97","()","24","Delivery","","Compare","See Details","","Out of Stock","https://www.costco.com/levis-youth-slim-511-jean.product.4000318397.html"
"https://www.costco.com/modern-ambition-mens-full-zip-hooded-sweater.product.4000347527.html","Modern Ambition Men's Full Zip Hooded Sweater","https://bfasset.costco-static.com/U447IH35/as/xfvcvq6jpjbtnnvjgcff7krz/4000347527-847_beige_1?auto=webp&format=jpg&width=350&height=350&fit=bounds&canvas=350,350","","","$12.97","()","61","Delivery","Available","Compare","Select Options","","","https://www.costco.com/modern-ambition-mens-full-zip-hooded-sweater.product.4000347527.html"
"https://www.costco.com/andy--evan-kids-2-piece-sweater-set.product.4000349405.html","Andy & Evan Kids' 2-piece Sweater Set","https://bfasset.costco-static.com/U447IH35/as/3h493zwprs86fbx36q3bqm/4000349405-847__1?auto=webp&format=jpg&width=350&height=350&fit=bounds&canvas=350,350","https://www.costco.com/s?keyword=online%20only","Online Only","$9.97","()","9","Delivery","Available","Compare","Select Options","","","https://www.costco.com/andy--evan-kids-2-piece-sweater-set.product.4000349405.html"
"https://www.costco.com/puma-kids-3-piece-vest-set.product.4000349360.html","PUMA Kids' 3-piece Vest Set","https://bfasset.costco-static.com/U447IH35/as/7jbgj88wczbmkg5hmn2cj2c/4000349360-847__1?auto=webp&format=jpg&width=350&height=350&fit=bounds&canvas=350,350","","","$12.97","()","26","Delivery","Available","Compare","Select Options","","","https://www.costco.com/puma-kids-3-piece-vest-set.product.4000349360.html"
"https://www.costco.com/roxy-youth-plush-lined-hoodie.product.4000339986.html","Roxy Youth Plush Lined Hoodie","https://bfasset.costco-static.com/U447IH35/as/frsc2rhxp3h42qxjcjjnnftt/4000339986-847_beige_1?auto=webp&format=jpg&width=350&height=350&fit=bounds&canvas=350,350","","","$12.97","()","14","Delivery","Available","Compare","Select Options","","","https://www.costco.com/roxy-youth-plush-lined-hoodie.product.4000339986.html"
"https://www.costco.com/levis-youth-cargo-short.product.4000298260.html","Levi's Youth Cargo Short","https://bfasset.costco-static.com/U447IH35/as/4srhpc6zpngxkp3x76j64mb4/4000298260-847_brown_1?auto=webp&format=jpg&width=350&height=350&fit=bounds&canvas=350,350","","","$6.97","()","14","Delivery","","Compare","See Details","","Out of Stock","https://www.costco.com/levis-youth-cargo-short.product.4000298260.html"
"https://www.costco.com/live2lounge-womens-4-piece-pointelle-lounge-set.product.4000289504.html","Live2Lounge Women’s 4-piece Pointelle Lounge Set","https://bfasset.costco-static.com/U447IH35/as/4nm8hjgvjhnt6g4mt53j78j9/4000289504-847_green_1?auto=webp&format=jpg&width=350&height=350&fit=bounds&canvas=350,350","","","$9.97","()","163","Delivery","Available","Compare","Select Options","","","https://www.costco.com/live2lounge-womens-4-piece-pointelle-lounge-set.product.4000289504.html"
"https://www.costco.com/iris-44-quart-weatherpro-seal-storage-bin-4-pack.product.4000226160.html","IRIS 44 Quart WeatherPro-seal Storage Bin, 4-pack","https://bfasset.costco-static.com/U447IH35/as/sq6x5qqvxw8gpqc883m7jg/4000226160-847_bincolorredandgreen_1?auto=webp&format=jpg&width=350&height=350&fit=bounds&canvas=350,350","https://www.costco.com/s?keyword=online%20only","Online Only","$34.97 - $49.99","()","794","Delivery","Available","Compare","Select Options","","","https://www.costco.com/iris-44-quart-weatherpro-seal-storage-bin-4-pack.product.4000226160.html"
"https://www.costco.com/under-armour-mens-tricot-jogger.product.4000332930.html","Under Armour Men’s Tricot Jogger","https://bfasset.costco-static.com/U447IH35/at/2hctjr8mq4mqps6cmhrpbnxs/4000332930-847_green_2.jpg?auto=webp&format=jpg&width=350&height=350&fit=bounds&canvas=350,350","https://www.costco.com/s?keyword=online%20only","Online Only","Members Only","()","28","Delivery","Available","Compare","Sign In for Details","","",""
"https://www.costco.com/dkny-mens-herringbone-quarter-zip.product.4000346316.html","DKNY Men's Herringbone Quarter Zip","https://bfasset.costco-static.com/U447IH35/at/mzt8cwrf5548hpxt6z66fbmc/4000346316-847_blue_1.jpg?width=350&height=350&fit=bounds&canvas=350,350","https://www.costco.com/s?keyword=online%20only","Online Only","$24.97","()","38","Delivery","Available","Compare","Select Options","","","https://www.costco.com/dkny-mens-herringbone-quarter-zip.product.4000346316.html"
"https://www.costco.com/gap-youth-fleece-pant.product.4000355171.html","Gap Youth Fleece Pant","https://bfasset.costco-static.com/U447IH35/as/g46f7rth5krg3ttz8kq74g5h/4000355171-847__1?auto=webp&format=jpg&width=350&height=350&fit=bounds&canvas=350,350","","","$12.97","()","27","Delivery","Available","Compare","Select Options","","","https://www.costco.com/gap-youth-fleece-pant.product.4000355171.html"
"https://www.costco.com/portuguese-flannel-3-piece-sheet-set-twin.product.4000178626.html","Portuguese Flannel 3-piece Sheet Set, Twin","https://bfasset.costco-static.com/U447IH35/as/sbwj3b9w35kg6j8nhzvpr6xq/4000178626-847__1?auto=webp&format=jpg&width=350&height=350&fit=bounds&canvas=350,350","https://www.costco.com/s?keyword=online%20only","Online Only","$19.97","()","277","Delivery","Available","Compare","Add to Cart","","",""
"https://www.costco.com/everly-72-accent-cabinet.product.4000275493.html","Everly 72” Accent Cabinet","https://bfasset.costco-static.com/U447IH35/as/cfzww4q655p9wckmn8gw48n/4000275493-847__1?auto=webp&format=jpg&width=350&height=350&fit=bounds&canvas=350,350","https://www.costco.com/s?keyword=costco%20direct","Costco Direct","$399.97","()","316","Delivery","Available","Compare","Add to Cart","","",""
"https://www.costco.com/round-brilliant-170-ctw-vs2-clarity-i-color-diamond-platinum-flower-ring.product.100696733.html","Round Brilliant 1.70 ctw VS2 Clarity, I Color Diamond Platinum Flower Ring","https://bfasset.costco-static.com/U447IH35/as/nn8csksfmzgmjc4w9fbmgbm/100696733-847__1?auto=webp&format=jpg&width=350&height=350&fit=bounds&canvas=350,350","https://www.costco.com/s?keyword=online%20only","Online Only","$2,999.97","()","28","Delivery","Available","Compare","Select Options","Ship to Warehouse","Available","https://www.costco.com/round-brilliant-170-ctw-vs2-clarity-i-color-diamond-platinum-flower-ring.product.100696733.html"
"https://www.costco.com/cushion-cut-160-ctw-vs2-clarity-i-color-diamond-platinum-wedding-set.product.100309217.html","Cushion Cut 1.60 ctw VS2 Clarity, I Color Diamond Platinum Wedding Set","https://bfasset.costco-static.com/U447IH35/as/78r5rtftp9j6wmk7sftgjb/1067622-847__1?auto=webp&format=jpg&width=350&height=350&fit=bounds&canvas=350,350","","","$4,499.97","()","137","Delivery","Available","Compare","Select Options","Ship to Warehouse","Available","https://www.costco.com/cushion-cut-160-ctw-vs2-clarity-i-color-diamond-platinum-wedding-set.product.100309217.html"
"https://www.costco.com/eddie-bauer-womens-rainier-lined-jogger.product.4000336444.html","Eddie Bauer Women's Rainier Lined Jogger","https://bfasset.costco-static.com/U447IH35/at/cwtwvxvt7q9qx7pxzpn8vg6/4000336444-847_brown_1.jpg?auto=webp&format=jpg&width=350&height=350&fit=bounds&canvas=350,350","","","$12.97","()","497","Delivery","Available","Compare","Select Options","","","https://www.costco.com/eddie-bauer-womens-rainier-lined-jogger.product.4000336444.html"
"https://www.costco.com/portuguese-flannel-4-piece-sheet-set.product.4000178677.html","Portuguese Flannel 4-piece Sheet Set","https://bfasset.costco-static.com/U447IH35/as/thmfmhhk5h5jw66kwbtccwfv/4000178677-847_whiteline_1?auto=webp&format=jpg&width=350&height=350&fit=bounds&canvas=350,350","","","$19.97","()","2,719","Delivery","Available","Compare","Add to Cart","","",""
"https://www.costco.com/carters-kids-3-piece-playwear-set.product.4000301088.html","Carter's Kids' 3-piece Playwear Set","https://bfasset.costco-static.com/U447IH35/as/tvns8fh5qxbm7cqv4qprvkm/4000301088-847__1?auto=webp&format=jpg&width=350&height=350&fit=bounds&canvas=350,350","","","$6.97","()","17","Delivery","","Compare","See Details","","Out of Stock","https://www.costco.com/carters-kids-3-piece-playwear-set.product.4000301088.html"
"https://www.costco.com/agio-valmar-6-piece-outdoor-patio-seating-set.product.4000293669.html","Agio Valmar 6-piece Outdoor Patio Seating Set","https://bfasset.costco-static.com/U447IH35/as/q5vv63g98rgz8k2xmz8vt98k/4000293669-847__1?auto=webp&format=jpg&width=350&height=350&fit=bounds&canvas=350,350","https://www.costco.com/s?keyword=costco%20direct","Online Only","$1,499.97","()","17","Delivery","Available","Compare","Add to Cart","Costco Direct","",""
"https://www.costco.com/round-brilliant-200-ctw-vs2-clarity-i-color-diamond-14kt-white-gold-necklace.product.100780616.html","Round Brilliant 2.00 ctw VS2 Clarity, I Color Diamond 14kt White Gold Necklace","https://bfasset.costco-static.com/U447IH35/as/j93cwtsxm6qbksp8q7fqnh/1571424-847__1?auto=webp&format=jpg&width=350&height=350&fit=bounds&canvas=350,350","https://www.costco.com/s?keyword=online%20only","Online Only","$3,499.97","()","8","Delivery","Available","Compare","Add to Cart","Ship to Warehouse","Available",""
"https://www.costco.com/chaps-mens-suit-separate-jacket.product.4000245444.html","Chaps Men's Suit Separate Jacket","https://bfasset.costco-static.com/U447IH35/as/2fkbtz9xttsnkjpjrq5ngkt/4000245444-847_black_1?auto=webp&format=jpg&width=350&height=350&fit=bounds&canvas=350,350","https://www.costco.com/s?keyword=online%20only","Online Only","$39.97","()","224","Delivery","Available","Compare","Select Options","","","https://www.costco.com/chaps-mens-suit-separate-jacket.product.4000245444.html"
"https://www.costco.com/sunvilla-nichols-4-piece-outdoor-patio-seating-set.product.4000296982.html","SunVilla Nichols 4-piece Outdoor Patio Seating Set","https://bfasset.costco-static.com/U447IH35/as/7trcm6gr4kpm62wwm4xt/4000296982-847__1?auto=webp&format=jpg&width=350&height=350&fit=bounds&canvas=350,350","https://www.costco.com/s?keyword=online%20only","Online Only","$1,499.97","()","176","Delivery","Available","Compare","Add to Cart","Costco Direct","",""
"https://www.costco.com/princess-cut-171-ctw-vs2-clarity-i-color-diamond-platinum-ring.product.11539855.html","Princess Cut 1.71 ctw VS2 Clarity, I Color Diamond Platinum Ring","https://bfasset.costco-static.com/U447IH35/as/8j8875sq8f8hnjxgnr685tg/529139-847__1?auto=webp&format=jpg&width=350&height=350&fit=bounds&canvas=350,350","https://www.costco.com/s?keyword=online%20only","Online Only","$5,499.97","()","105","Delivery","Available","Compare","Select Options","Ship to Warehouse","Available","https://www.costco.com/princess-cut-171-ctw-vs2-clarity-i-color-diamond-platinum-ring.product.11539855.html"
"https://www.costco.com/halston-womens-belted-trench-coat.product.4000328872.html","Halston Women's Belted Trench Coat","https://bfasset.costco-static.com/U447IH35/at/8tgbvxkfkgvhf6rwxp63bn/4000328872-847_black_3.jpg?width=350&height=350&fit=bounds&canvas=350,350","","","$29.97","()","226","Delivery","Available","Compare","Select Options","","","https://www.costco.com/halston-womens-belted-trench-coat.product.4000328872.html"
"https://www.costco.com/character-kids-wayy-big-hoodie.product.4000340022.html","Character Kids' Wayy Big Hoodie","https://bfasset.costco-static.com/U447IH35/as/sh94xsqbmhnv38gv8pn8cbx/4000340022-847__1?auto=webp&format=jpg&width=350&height=350&fit=bounds&canvas=350,350","","","$12.97","()","111","Delivery","Available","Compare","Select Options","","","https://www.costco.com/character-kids-wayy-big-hoodie.product.4000340022.html"
"https://www.costco.com/sunvilla-12-ft-square-3-tier-cantilever-umbrella.product.4000213975.html","SunVilla 12 ft. Square 3-Tier Cantilever Umbrella","https://bfasset.costco-static.com/U447IH35/as/fzscbxn7mwgw24t34cnk9g9/4000213975-847__1?auto=webp&format=jpg&width=350&height=350&fit=bounds&canvas=350,350","https://www.costco.com/s?keyword=online%20only","Online Only","$899.99","()","859","Delivery","Available","Compare","Select Options","Costco Direct","","https://www.costco.com/sunvilla-12-ft-square-3-tier-cantilever-umbrella.product.4000213975.html"
"https://www.costco.com/chaps-mens-suit-separate-pant.product.4000245421.html","Chaps Men's Suit Separate Pant","https://bfasset.costco-static.com/U447IH35/as/3vmwtj5qhhmsj53wqqg3j76/4000245421-847_gray_1?auto=webp&format=jpg&width=350&height=350&fit=bounds&canvas=350,350","https://www.costco.com/s?keyword=online%20only","Online Only","$19.97","()","165","Delivery","Available","Compare","Select Options","","","https://www.costco.com/chaps-mens-suit-separate-pant.product.4000245421.html"
"https://www.costco.com/osaki-os-4d-pro-maestro-massage-chair.product.100713596.html","Osaki OS-4D Pro Maestro Massage Chair","https://bfasset.costco-static.com/U447IH35/as/mv9mvp6kbwkg2cppghvk88r/100713596-847_black_1?auto=webp&format=jpg&width=350&height=350&fit=bounds&canvas=350,350","https://www.costco.com/s?keyword=online%20only","Online Only","$3,799.97","()","640","Delivery","Available","Compare","Select Options","Color:","Black","https://www.costco.com/osaki-os-4d-pro-maestro-massage-chair.product.100713596.html"
"https://www.costco.com/round-brilliant-120-ctw-vs2-clarity-i-color-diamond-platinum-three-stone-ring.product.100675070.html","Round Brilliant 1.20 ctw VS2 Clarity, I Color Diamond Platinum Three Stone Ring","https://bfasset.costco-static.com/U447IH35/as/c9gzz9r33fb6pnsvvgbt99/100675070-847__1?auto=webp&format=jpg&width=350&height=350&fit=bounds&canvas=350,350","https://www.costco.com/s?keyword=online%20only","Online Only","$2,399.97","()","202","Delivery","Available","Compare","Select Options","Ship to Warehouse","Available","https://www.costco.com/round-brilliant-120-ctw-vs2-clarity-i-color-diamond-platinum-three-stone-ring.product.100675070.html"
"https://www.costco.com/quiksilver-youth-plush-lined-hoodie.product.4000340002.html","Quiksilver Youth Plush Lined Hoodie","https://bfasset.costco-static.com/U447IH35/as/vr4jpm2v27c38kt7mk97tgt/4000340002-847_blue_1?auto=webp&format=jpg&width=350&height=350&fit=bounds&canvas=350,350","","","$12.97","()","10","Delivery","Available","Compare","Select Options","","","https://www.costco.com/quiksilver-youth-plush-lined-hoodie.product.4000340002.html"
"https://www.costco.com/character-kids-3-piece-full-zip-set.product.4000349917.html","Character Kids' 3-piece Full Zip Set","https://bfasset.costco-static.com/U447IH35/as/9htq5k9sh7v7t5c6b575cn/4000349917-847__1?auto=webp&format=jpg&width=350&height=350&fit=bounds&canvas=350,350","","","$16.97","()","34","Delivery","Available","Compare","Select Options","","","https://www.costco.com/character-kids-3-piece-full-zip-set.product.4000349917.html"
"https://www.costco.com/agio-volos-6-piece-woven-outdoor-patio-seating-set.product.4000293648.html","Agio Volos 6-piece Woven Outdoor Patio Seating Set","https://bfasset.costco-static.com/U447IH35/as/v5q49mst3gvbmnnpgq2ft6c3/4000293648-847__1?auto=webp&format=jpg&width=350&height=350&fit=bounds&canvas=350,350","https://www.costco.com/s?keyword=online%20only","Online Only","$1,499.97","()","18","Delivery","Available","Compare","Add to Cart","Costco Direct","",""
"https://www.costco.com/round-brilliant-150-ctw-vs2-clarity-i-color-diamond-14kt-yellow-gold-three-stone-pendant.product.4000180864.html","Round Brilliant 1.50 ctw VS2 Clarity, I Color Diamond 14kt Yellow Gold Three Stone Pendant","https://bfasset.costco-static.com/U447IH35/as/5rtkr9ns9vh7hv42kp5j435/1744042-847__1?auto=webp&format=jpg&width=350&height=350&fit=bounds&canvas=350,350","https://www.costco.com/s?keyword=online%20only","Online Only","$3,999.97","()","41","Delivery","Available","Compare","Add to Cart","Ship to Warehouse","Available",""
"https://www.costco.com/tresanti-bennett-led-tv-console-with-classicflame-electric-fireplace.product.4000279806.html","Tresanti Bennett LED TV Console with ClassicFlame Electric Fireplace","https://bfasset.costco-static.com/U447IH35/as/c4x3fpn7w8bvvtnk4qtrmg/4000279806-847__1?auto=webp&format=jpg&width=350&height=350&fit=bounds&canvas=350,350","https://www.costco.com/s?keyword=costco%20direct","Costco Direct","$299.97","()","159","Delivery","","Compare","See Details","","Out of Stock","https://www.costco.com/tresanti-bennett-led-tv-console-with-classicflame-electric-fireplace.product.4000279806.html"
"https://www.costco.com/round-brilliant-500-ctw-vs2-clarity-g-color-diamond-platinum-double-row-eternity-band.product.100804722.html","Round Brilliant 5.00 ctw VS2 Clarity, G Color Diamond Platinum Double Row Eternity Band","https://bfasset.costco-static.com/U447IH35/as/pz8zgv6gk9n8w4wc9n49xpm/100804722-847__1?auto=webp&format=jpg&width=350&height=350&fit=bounds&canvas=350,350","https://www.costco.com/s?keyword=online%20only","Online Only","$4,999.97","()","229","Delivery","Available","Compare","Add to Cart","Ship to Warehouse","Available",""
"https://www.costco.com/hp-pavilion-desktop---amd-ryzen-5-5600g---windows-11.product.100941375.html","HP Pavilion Desktop - AMD Ryzen 5 5600G - Windows 11","https://bfasset.costco-static.com/U447IH35/as/cqmrgfs4fpvpj96n4g788/1651947-847__1?auto=webp&format=jpg&width=350&height=350&fit=bounds&canvas=350,350","https://www.costco.com/s?keyword=online%20only","Online Only","$529.97","()","757","Delivery","Available","Compare","Add to Cart","","",""
"https://www.costco.com/hp-omnibook-7-16-touchscreen-laptop---intel-core-ultra-7255h---geforce-rtx-4050---2k-oled-120hz---32gb-memory---1tb-ssd---windows-11-home.product.4000360587.html","HP OmniBook 7 16"" Touchscreen Laptop - Intel Core Ultra 7255H - GeForce RTX 4050 - 2K OLED 120Hz - 32GB Memory - 1TB SSD - Windows 11 Home","https://bfasset.costco-static.com/U447IH35/as/vrrbb4gvjxfvqf835r9r6g/4000360587-847__1?auto=webp&format=jpg&width=350&height=350&fit=bounds&canvas=350,350","https://www.costco.com/s?keyword=online%20only","Online Only","$1,099.97","()","2","Delivery","","Compare","See Details","","Out of Stock","https://www.costco.com/hp-omnibook-7-16-touchscreen-laptop---intel-core-ultra-7255h---geforce-rtx-4050---2k-oled-120hz---32gb-memory---1tb-ssd---windows-11-home.product.4000360587.html"
"https://www.costco.com/gap-youth-fleece-hoodie.product.4000355191.html","Gap Youth Fleece Hoodie","https://bfasset.costco-static.com/U447IH35/as/27s6x44tsqx7s9mq8n8fn79/4000355191-847__1?auto=webp&format=jpg&width=350&height=350&fit=bounds&canvas=350,350","","","$12.97","()","32","Delivery","Available","Compare","Select Options","","","https://www.costco.com/gap-youth-fleece-hoodie.product.4000355191.html"
"https://www.costco.com/nautica-mens-suit-separate-jacket.product.4000225487.html","Nautica Men’s Suit Separate Jacket","https://bfasset.costco-static.com/U447IH35/as/4hwxp32sqn2cbhkgvg5ffv8z/4000225487-847_gray_1?auto=webp&format=jpg&width=350&height=350&fit=bounds&canvas=350,350","https://www.costco.com/s?keyword=online%20only","Online Only","$39.97","()","304","Delivery","Available","Compare","Select Options","","","https://www.costco.com/nautica-mens-suit-separate-jacket.product.4000225487.html"
"https://www.costco.com/nautica-mens-suit-separate-pant.product.4000226273.html","Nautica Men’s Suit Separate Pant","https://bfasset.costco-static.com/U447IH35/as/r8wzc598g3m37x6cc3wp8jt/4000226273-847_blue_1?auto=webp&format=jpg&width=350&height=350&fit=bounds&canvas=350,350","https://www.costco.com/s?keyword=online%20only","Online Only","$19.97","()","298","Delivery","Available","Compare","Select Options","","","https://www.costco.com/nautica-mens-suit-separate-pant.product.4000226273.html"
"https://www.costco.com/centr-300-lb-rubber-olympic-weight-set-and-1-year-centr-app-subscription-included.product.4000213851.html","Centr 300 lb. Rubber Olympic Weight Set and 1-year Centr App Subscription Included","https://bfasset.costco-static.com/U447IH35/as/cxngnqfwmj4kc9bg3fv8b7/1769929-847__1?auto=webp&format=jpg&width=350&height=350&fit=bounds&canvas=350,350","https://www.costco.com/s?keyword=costco%20direct","Online Only","$499.97","()","1,184","Delivery","","Compare","See Details","Costco Direct","Out of Stock","https://www.costco.com/centr-300-lb-rubber-olympic-weight-set-and-1-year-centr-app-subscription-included.product.4000213851.html"
"https://www.costco.com/tresanti-gwendolyn-wall-mantel-with-classicflame-coolglow-2-in-1-electric-fireplace-and-fan.product.4000271074.html","Tresanti Gwendolyn Wall Mantel with ClassicFlame CoolGlow 2-in-1 Electric Fireplace and Fan","https://bfasset.costco-static.com/U447IH35/as/fjnwqtjtnztknfcvcksp99xm/1695617-847__1?auto=webp&format=jpg&width=350&height=350&fit=bounds&canvas=350,350","https://www.costco.com/s?keyword=online%20only","Online Only","$299.97","()","553","Delivery","","Compare","See Details","Costco Direct","Out of Stock","https://www.costco.com/tresanti-gwendolyn-wall-mantel-with-classicflame-coolglow-2-in-1-electric-fireplace-and-fan.product.4000271074.html"
"https://www.costco.com/kitchenaid-19-cu-ft-over-the-range-convection-microwave-with-air-fry-mode.product.4000116603.html","KitchenAid 1.9 cu. ft. Over-The-Range Convection Microwave with Air Fry Mode","https://bfasset.costco-static.com/U447IH35/as/t645wtht72sn92zk4kw7nc9/1716522-847__1?auto=webp&format=jpg&width=350&height=350&fit=bounds&canvas=350,350","https://www.costco.com/s?keyword=costco%20direct","Online Only","Members Only","()","194","Delivery","Out of Stock","Compare","Sign In for Details","Costco Direct","Out of Stock",""
"https://www.costco.com/sonos-sub-gen-3-wireless-subwoofer.product.4000179942.html","Sonos Sub (Gen 3) Wireless Subwoofer","https://bfasset.costco-static.com/U447IH35/as/tvmptfb6rqtb8gfm283qpkv/4000179942-847__1?auto=webp&format=jpg&width=350&height=350&fit=bounds&canvas=350,350","","","$499.97","()","361","Delivery","","Compare","See Details","","Out of Stock","https://www.costco.com/sonos-sub-gen-3-wireless-subwoofer.product.4000179942.html"
"https://www.costco.com/sirio-colonial-7-piece-outdoor-patio-dining-set.product.100336730.html","Sirio Colonial 7-piece Outdoor Patio Dining Set","https://bfasset.costco-static.com/U447IH35/as/h4brw9f8p4j4vksc2mft6t2r/100336730-847_gray_1?auto=webp&format=jpg&width=350&height=350&fit=bounds&canvas=350,350","https://www.costco.com/s?keyword=online%20only","Online Only","$1,499.97","()","298","Delivery","","Compare","See Details","Costco Direct","Out of Stock","https://www.costco.com/sirio-colonial-7-piece-outdoor-patio-dining-set.product.100336730.html"
"https://www.costco.com/lg-83-class---oled-evo-g4-series---4k-uhd-oled-tv---allstate-3-year-protection-plan-bundle-included-for-5-years-of-total-coverage.product.4000270586.html","LG 83"" Class - OLED evo G4 Series - 4K UHD OLED TV - Allstate 3-Year Protection Plan Bundle Included For 5 Years of Total Coverage*","https://bfasset.costco-static.com/U447IH35/as/9n4hf3bjhjhnrvb5nkszk84n/9483044-847__1?auto=webp&format=jpg&width=350&height=350&fit=bounds&canvas=350,350","https://www.costco.com/s?keyword=costco%20direct","Online Only","$2,999.97","()","66","Delivery","","Compare","See Details","Costco Direct","Out of Stock","https://www.costco.com/lg-83-class---oled-evo-g4-series---4k-uhd-oled-tv---allstate-3-year-protection-plan-bundle-included-for-5-years-of-total-coverage.product.4000270586.html"