"w-auto src","w-auto src 2","transition 2","Text-sc-1xtb652-0","Text-sc-1xtb652-0 2","material-symbols-icon","antialiased","material-symbols-icon 2","antialiased 2","material-symbols-icon 3","text-neutral-13","material-symbols-icon 4","text-neutral-13 2","material-symbols-icon 5","material-symbols-icon 6","Text-sc-1xtb652-0 3","Text-sc-1xtb652-0 4","Text-sc-1xtb652-0 5","Text__Span-sc-1xtb652-1","Text__Span-sc-1xtb652-1 2","Box-sc-n9h3nv-0","antialiased 3","text-priceSuper-body1","price","whitespace-pre","text-priceSuper-heading6","relative 2","relative 3","whitespace-pre 2","Text-sc-1xtb652-0 6","Text-sc-1xtb652-0 7","hidden","hidden 2","antialiased 4","Text-sc-1xtb652-0 8","w-auto src 3","w-auto src 4","w-auto src 5"
"https://s1.pclncdn.com/rc-static/v2/vehicles/partner/bu/16603/BU_IFAR_US.png","https://s1.pclncdn.com/rc-static/v2/partner-logos/BU/BU_20240910101820.png?width=250&height=72&opto&fit=bounds","Quick Pick-Up","Mid-Size SUV","Mazda Cx-50 or similar","person","5","work","1","check","Pay at Pick-up","check","Unlimited Mileage","check","info","Pick-up & Drop-off","Sacramento Intl Airport (SMF)","Airport Shuttle to Rental Car Center","8.1","506 Ratings","Sign In for a VIP-Only Discount","FREE CANCELLATION","$","48","/day","$","551","474","total","Includes taxes and fees","Choose","SMF~SMF~R~Y~~19cdf9fd8eb~~refCode-27-55ccf6c2-91f2-44c6-97c6-c995ebe358b1~20260318T12:00~20260325T12:00~BU~IFAR~USD~473.98~~~~~396.99~550.93~~~N~df0929a3-e2ed-4cf5-aefe-0d126915769c~~473.98~USD**78B319B5E7AB18F7CA0E6A4FC49AA0C0ACDA5CFBF381F453","SMF~SMF~R~N~~19cdf9fd8eb~~refCode-27-9039a395-cca4-49c2-ab65-b09863427150~20260318T12:00~20260325T12:00~BU~IFAR~USD~550.93~~~~~~~~~N~f5c31733-d645-44af-b06c-ddea2864b7aa~~550.93~USD*","","","","",""
"","","","","","","Don't miss out on VIP perks!","","Sign in or become a member for free to unlock VIP discounts!","","","","","","","","","","","","","","","","","","","","","","","","","","","","",""
"https://s1.pclncdn.com/rc-static/v2/vehicles/partner/em/16313/EM_PPAR_US.png?width=268&height=144&opto","https://s1.pclncdn.com/rc-static/v2/partner-logos/EM/EM_20251118015246.png?width=250&height=72&opto&fit=bounds","","Premium Pickup Truck","Ford F150 or similar","person","Priceline Pick","work","Save on your booking with us. Includes free cancellation.","check","Unlimited Mileage","","","","","Pick-up & Drop-off","Sacramento Intl Airport (SMF)","Shuttle to Car","9.1","163 Ratings","","Supplied by one of these brands","$","56","/day","","535","","total","Includes taxes and fees","Pay Now","SMF~SMF~NM~Y~~19cdf9fd8ec~~refCode-27-594fe9d2-179b-47ef-a34f-1042a8712080~20260318T12:00~20260325T12:00~EM~PPAR~USD~535.44~~~~~357.01~517.87~~~N~3bbbdf98-30b5-464f-800f-53134600af15~~470.79~USD*","","5","","","",""
"https://s1.pclncdn.com/rc-static/v2/vehicles/partner/bu/16603/BU_SSAR_US.png","https://s1.pclncdn.com/rc-static/v2/partner-logos/BU/BU_20240910101820.png?width=250&height=72&opto&fit=bounds","Quick Pick-Up","Sports Car","Ford Mustang Coupe or similar","person","4","work","2","check","Pay at Pick-up","check","Unlimited Mileage","check","info","Pick-up & Drop-off","Sacramento Intl Airport (SMF)","Airport Shuttle to Rental Car Center","8.1","506 Ratings","Sign In for a VIP-Only Discount","FREE CANCELLATION","$","45","/day","$","466","446","total","Includes taxes and fees","Choose","SMF~SMF~R~Y~~19cdf9fd8eb~~refCode-27-bff82c65-7145-48a9-a7b4-fb80bcc8fb2c~20260318T12:00~20260325T12:00~BU~SSAR~USD~445.87~~~~~328.99~466.13~~~N~82029b1d-aa79-44a4-9f68-499d077bc89a~~445.87~USD**78B319B5E7AB18F7CA0E6A4FC49AA0C0ACDA5CFBF381F453","SMF~SMF~R~N~~19cdf9fd8eb~~refCode-27-4b866fb2-e524-4074-90fb-c03647234444~20260318T12:00~20260325T12:00~BU~SSAR~USD~466.13~~~~~~~~~N~7e81b757-c5ed-46a0-bbfc-010bbd015b77~~466.13~USD*","","","","",""
"https://s1.pclncdn.com/rc-static/v2/vehicles/partner/bu/16603/BU_IXAE_US.png","https://s1.pclncdn.com/rc-static/v2/partner-logos/BU/BU_20240910101820.png?width=250&height=72&opto&fit=bounds","Quick Pick-Up","Compact Electric SUV","Kia Niro or similar","person","5","work","2","check","Pay at Pick-up","check","Unlimited Mileage","check","info","Pick-up & Drop-off","Sacramento Intl Airport (SMF)","Airport Shuttle to Rental Car Center","8.1","506 Ratings","Sign In for a VIP-Only Discount","FREE CANCELLATION","$","27","/day","$","310","298","total","Includes taxes and fees","Choose","SMF~SMF~R~Y~~19cdf9fd8eb~~refCode-27-87c8137f-b671-429c-b1b7-b8dba9a4152d~20260318T12:00~20260325T12:00~BU~IXAE~USD~297.97~~~~~195.99~310.04~~~N~7f963183-675c-4c02-8335-55badca84986~~297.97~USD**78B319B5E7AB18F7CA0E6A4FC49AA0C0ACDA5CFBF381F453","SMF~SMF~R~N~~19cdf9fd8eb~~refCode-27-fda4913c-9e76-400e-b365-7f8198e12026~20260318T12:00~20260325T12:00~BU~IXAE~USD~310.04~~~~~~~~~N~81b87ba6-5b94-42ab-b303-4e72e80efd0c~~310.04~USD*","Electric","","","",""
"https://s1.pclncdn.com/rc-static/v2/vehicles/partner/bu/16603/BU_RFAR_US.png","https://s1.pclncdn.com/rc-static/v2/partner-logos/BU/BU_20240910101820.png?width=250&height=72&opto&fit=bounds","Quick Pick-Up","Standard Elite SUV","Ford Explorer or similar","person","7","work","2","check","Pay at Pick-up","check","Unlimited Mileage","check","info","Pick-up & Drop-off","Sacramento Intl Airport (SMF)","Airport Shuttle to Rental Car Center","8.1","506 Ratings","Sign In for a VIP-Only Discount","FREE CANCELLATION","$","52","/day","$","591","520","total","Includes taxes and fees","Choose","SMF~SMF~R~Y~~19cdf9fd8ea~~refCode-27-00591f1e-f3fc-494b-8fd8-165a69e29ec8~20260318T12:00~20260325T12:00~BU~RFAR~USD~519.66~~~~~420.99~590.98~~~N~d8c158f0-2f9b-4702-819b-0f4678247d4d~~519.66~USD**78B319B5E7AB18F7CA0E6A4FC49AA0C0ACDA5CFBF381F453","SMF~SMF~R~N~~19cdf9fd8ea~~refCode-27-8dbde3fc-d174-4559-ab63-af394ac3e6d8~20260318T12:00~20260325T12:00~BU~RFAR~USD~590.98~~~~~~~~~N~ceda8382-e066-46ab-9f4c-a04ac4d476b3~~590.98~USD*","","","","",""
"https://s1.pclncdn.com/rcimages/tr/media/vehicle/images/0CHvmXzjTqWp0i85EGrYnQ.heic?opto&width=268&height=144&crop=16:9","https://s1.pclncdn.com/rc-static/v2/partner-logos/TR/TR_20240722124658.png?width=250&height=72&opto&fit=bounds","","Kia Sorento 2017","Car on Airport","person","5","","","check","First 1400 miles free","check","Counterless Pick-Up","info","info","Pick-up & Drop-off","Sacramento Intl Airport (SMF)","5","Learn More","","Show All Turo Cars","Car sharing","$","36","/day","","","303","total","Includes taxes and fees","Pay Now","SMFT01~SMFT01~RP~Y~~19cdf9fd8eb~~refCode-27-607a607e-a540-4838-9883-f2865f5bb0cf~20260318T12:00~20260325T12:00~TR~SFDV~USD~303.05~~~~~~~~~N~3c0d096b-2d21-4458-8b52-4e837b40d8e3~38.69509,-121.59006;38.69509,-121.59006;7891693;AIRPORT;3549757;303.05;USD~303.05~USD*","","CANCELLATION AVAILABLE","on Turo","","",""
"https://s1.pclncdn.com/rc-static/v2/vehicles/partner/hz/16463/HZ_JFDR_US.jpg","https://s1.pclncdn.com/rc-static/v2/partner-logos/HZ/HZ.png?width=250&height=72&opto&fit=bounds","Quick Pick-Up","Mid-Size SUV","Volvo Xc60 Hybrid or similar","person","5","work","4","check","Unlimited Mileage","check","Skip the Counter","","info","Pick-up & Drop-off","Sacramento Intl Airport (SMF)","Airport Shuttle to Rental Car Center","8.8","168 Ratings","","","$","65","/day","$","735","624","total","Includes taxes and fees","Choose","SMF~SMF~RP~Y~~19cdf9fd8ec~~refCode-27-ed38db62-4af6-4584-8c16-028389b67c47~20260318T12:00~20260325T12:00~HZ~JFDR~USD~623.96~~~~~544.38~734.56~~~N~a079066a-d397-422c-8e9a-d333e009e049~~623.96~USD*","SMF~SMF~R~Y~~19cdf9fd8ec~~refCode-27-977714a2-2b7f-4dd4-9ffe-dd40c516d1fd~20260318T12:00~20260325T12:00~HZ~JFDR~USD~734.56~~~~~~~~~N~68719ff1-2fc6-4571-b9a1-5a56e9b5ea15~~734.56~USD*","CANCELLATION AVAILABLE","","","",""
"https://s1.pclncdn.com/rc-static/v2/vehicles/partner/bu/16603/BU_LFAR_US.png","https://s1.pclncdn.com/rc-static/v2/partner-logos/BU/BU_20240910101820.png?width=250&height=72&opto&fit=bounds","Quick Pick-Up","Luxury SUV","Lincoln Navigator or similar","person","7","work","3","check","Pay at Pick-up","check","Unlimited Mileage","check","info","Pick-up & Drop-off","Sacramento Intl Airport (SMF)","Airport Shuttle to Rental Car Center","8.1","506 Ratings","Sign In for a VIP-Only Discount","FREE CANCELLATION","$","111","/day","","","1,042","total","Includes taxes and fees","Choose","SMF~SMF~R~Y~~19cdf9fd8eb~~refCode-27-1c2387c6-1a84-47e1-9b44-3f9fa21b9f34~20260318T12:00~20260325T12:00~BU~LFAR~USD~1042.35~~~~~818.99~1092.79~~~N~64999689-a4ce-4af3-92be-60a646dcd486~~1042.35~USD**78B319B5E7AB18F7CA0E6A4FC49AA0C0ACDA5CFBF381F453","SMF~SMF~R~N~~19cdf9fd8eb~~refCode-27-a898df01-324c-4db6-97af-4762d44c9799~20260318T12:00~20260325T12:00~BU~LFAR~USD~1092.79~~~~~~~~~N~8364e338-6ca6-4d84-8aeb-0d772c7390ed~~1092.79~USD*","","","","",""
"https://s1.pclncdn.com/rc-static/v2/vehicles/generic/domestic_268x144_p/SCAR.png?opto&auto=webp&width=268","https://s1.pclncdn.com/rc-static/v2/partner-logos/AL/AL.png?width=88&height=44&opto&fit=bounds","","Standard-Size Car","Volkswagen Jetta or similar","person","4","work","2","check","Unlimited Mileage","","","","","Pick-up & Drop-off","Sacramento Intl Airport (SMF)","Airport Shuttle to Rental Car Center","8.1+","163+ Ratings","","Supplied by one of","$","23","/day","$","451","249","total","Includes taxes and fees","Pay Now","A-SMF~A-SMF~23.16~249.48~AL-BU-ZR-SX-ZT~refCode-27-721d7554-8db0-43f0-9fe7-cc5a0a410cfc~19cdf9fd8ec~20260318T12:00~20260325T12:00~SCAR~USD~T2~217.99~USD~912d859b-a1f7-4b91-83e9-2f526c3b4ec6*f8ff2eeb7cb34ad95af5f136b557bc11","","these brands","Save up to 45%","https://s1.pclncdn.com/rc-static/v2/partner-logos/BU/BU_20240910101820.png?width=88&height=44&opto&fit=bounds","https://s1.pclncdn.com/rc-static/v2/partner-logos/ZR/ZR_20250904032348.png?width=88&height=44&opto&fit=bounds","https://s1.pclncdn.com/rc-static/v2/partner-logos/SX/SX_20250326112925.jpg?width=88&height=44&opto&fit=bounds"
"https://s1.pclncdn.com/rc-static/v2/vehicles/partner/av/16603/AV_SSAR_US.png","https://s1.pclncdn.com/rc-static/v2/partner-logos/AV/AV.png?width=250&height=72&opto&fit=bounds","Quick Pick-Up","Sports Car","Ford Mustang Coupe or similar","person","4","work","2","check","Pay at Pick-up","check","Unlimited Mileage","check","info","Pick-up & Drop-off","Sacramento Intl Airport (SMF)","Airport Shuttle to Rental Car Center","8","148 Ratings","Sign In for a VIP-Only Discount","FREE CANCELLATION","$","57","/day","$","575","549","total","Includes taxes and fees","Choose","SMF~SMF~R~Y~~19cdf9fd8ec~~refCode-27-e65daf72-f958-4bba-b7de-a4e2f77d607b~20260318T12:00~20260325T12:00~AV~SSAR~USD~548.87~~~~~416.99~574.57~~~N~c288d89b-ca84-4c61-84bf-24bffd6787d2~~548.87~USD**78B319B5E7AB18F7CA0E6A4FC49AA0C0ACDA5CFBF381F453","SMF~SMF~R~N~~19cdf9fd8ec~~refCode-27-36218f24-bc0f-47cb-9678-7e736a76a761~20260318T12:00~20260325T12:00~AV~SSAR~USD~574.57~~~~~~~~~N~8e2ad66e-e3dc-4965-930a-f1b7b32f371c~~574.57~USD*","","","","",""
"https://s1.pclncdn.com/rc-static/v2/vehicles/partner/al/16403/AL_PGAR_US.png?width=268&height=144&opto","https://s1.pclncdn.com/rc-static/v2/partner-logos/AL/AL.png?width=250&height=72&opto&fit=bounds","Quick Pick-Up","Premium Crossover","Dodge Durango or similar","person","7","work","3","check","Pay at Pick-up","check","Unlimited Mileage","","","Pick-up & Drop-off","Sacramento Intl Airport (SMF)","Airport Shuttle to Rental Car Center","9.1","163 Ratings","","FREE CANCELLATION","$","72","/day","","","684","total","Includes taxes and fees","Pay Later","SMF~SMF~R~N~~19cdf9fd8ea~~refCode-27-be6e77da-5d60-44cb-a7a6-5c33c02dc2f4~20260318T12:00~20260325T12:00~AL~PGAR~USD~683.99~~~~~~~~~N~b1d796bf-ef5a-4ca9-8340-0663febff8fc~~683.99~USD*","","","","","",""
"https://s1.pclncdn.com/rc-static/v2/vehicles/generic/domestic_268x144_p/SFAR.png?opto&auto=webp&width=268","https://s1.pclncdn.com/rc-static/v2/partner-logos/AV/AV.png?width=88&height=44&opto&fit=bounds","","Standard Elite SUV","Ford Explorer or similar","person","5","work","3","check","Unlimited Mileage","","","","","Pick-up & Drop-off","Sacramento Intl Airport (SMF)","Airport Shuttle to Rental Car Center","8+","23+ Ratings","","Supplied by one of","$","48","/day","$","648","521","total","Includes taxes and fees","Pay Now","A-SMF~A-SMF~47.81~520.98~AV-ET-HZ-NA~refCode-27-2769d8ba-5d21-46d1-b78c-4d964e5f84e5~19cdf9fd8ec~20260318T12:00~20260325T12:00~RFAR~USD~T1~482.54~USD~6da89153-d176-45f2-a5a4-c76b7ddfd833*dc2f511bb75c210e16d3a8b40f15793c","","these brands","Save up to 20%","https://s1.pclncdn.com/rc-static/v2/partner-logos/ET/ET.png?width=88&height=44&opto&fit=bounds","https://s1.pclncdn.com/rc-static/v2/partner-logos/HZ/HZ.png?width=88&height=44&opto&fit=bounds","https://s1.pclncdn.com/rc-static/v2/partner-logos/NA/NA.png?width=88&height=44&opto&fit=bounds"
"https://s1.pclncdn.com/rc-static/v2/vehicles/partner/zr/16463/ZR_FCAR_US.jpg","https://s1.pclncdn.com/rc-static/v2/partner-logos/ZR/ZR_20250904032348.png?width=250&height=72&opto&fit=bounds","Quick Pick-Up","Full-Size Car","Chevrolet Malibu or similar","person","5","work","3","check","Unlimited Mileage","check","Online Check-in","","info","Pick-up & Drop-off","Sacramento Intl Airport (SMF)","Airport Shuttle to Rental Car Center","8.5","376 Ratings","","FREE CANCELLATION","$","37","/day","$","430","374","total","Includes taxes and fees","Choose","SMF~SMF~RP~Y~~19cdf9fd8ec~~refCode-27-205a1401-6f32-48d5-8360-2fdcec011e7d~20260318T12:00~20260325T12:00~ZR~FCAR~USD~374.25~~~~~302.29~430.14~~~N~374ca8e5-0a7f-440f-957d-317dfcfa3fd8~~374.25~USD*","SMF~SMF~R~N~~19cdf9fd8ec~~refCode-27-bc0af0a1-d6ea-443b-b230-cd31679e3483~20260318T12:00~20260325T12:00~ZR~FCAR~USD~430.14~~~~~~~~~N~9d614aa3-81f2-4582-943c-7df14fcf7088~~430.14~USD*","","","","",""
"https://s1.pclncdn.com/rc-static/v2/vehicles/partner/et/16403/ET_WFAR_US.png?width=268&height=144&opto","https://s1.pclncdn.com/rc-static/v2/partner-logos/ET/ET.png?width=250&height=72&opto&fit=bounds","Quick Pick-Up","Luxury SUV","BMW X7, Range Rover Sport or similar","person","5","work","4","check","Pay at Pick-up","check","Unlimited Mileage","","","Pick-up & Drop-off","Sacramento Intl Airport (SMF)","Airport Shuttle to Rental Car Center","9.1","93 Ratings","","FREE CANCELLATION","$","343","/day","","","3,026","total","Includes taxes and fees","Pay Later","SMF~SMF~R~N~~19cdf9fd8ec~~refCode-27-415ef160-8425-47e9-984d-7d9f9ef28707~20260318T12:00~20260325T12:00~ET~WFAR~USD~3026.36~~~~~~~~~N~807f6039-9f77-4a5d-a4b7-5771121e3146~~3026.36~USD*","","","","","",""
"https://s1.pclncdn.com/rc-static/v2/vehicles/partner/hz/16463/HZ_FRAR_US.jpg","https://s1.pclncdn.com/rc-static/v2/partner-logos/HZ/HZ.png?width=250&height=72&opto&fit=bounds","Quick Pick-Up","Full-Size SUV","Nissan Pathfinder or similar","person","7","work","2","check","Unlimited Mileage","check","Skip the Counter","","info","Pick-up & Drop-off","Sacramento Intl Airport (SMF)","Airport Shuttle to Rental Car Center","8.8","168 Ratings","","","$","59","/day","$","716","573","total","Includes taxes and fees","Choose","SMF~SMF~RP~Y~~19cdf9fd8ec~~refCode-27-5f00f00d-d4e1-43a8-9ddc-e765450764d6~20260318T12:00~20260325T12:00~HZ~FRAR~USD~572.56~~~~~529.40~716.11~~~N~5ab801e3-a35a-4bed-b6b7-24dfd2c26fa2~~572.56~USD*","SMF~SMF~R~Y~~19cdf9fd8ec~~refCode-27-8f75fbf2-0696-4510-b47f-8575d6e873f7~20260318T12:00~20260325T12:00~HZ~FRAR~USD~716.11~~~~~~~~~N~d8996fd9-91de-42d7-a228-1c999f80ea8e~~716.11~USD*","CANCELLATION AVAILABLE","","","",""
"","","","","","","","","","","","","","","","","","","","","Load More","","","","","","","","","","","","","","","","",""
"https://s1.pclncdn.com/rc-static/v2/vehicles/partner/em/16313/EM_PGAR_US.png?width=268&height=144&opto","https://s1.pclncdn.com/rc-static/v2/partner-logos/EM/EM_20251118015246.png?width=250&height=72&opto&fit=bounds","Quick Pick-Up","Premium Crossover","Dodge Durango or similar","person","7","work","3","check","Unlimited Mileage","","","","","Pick-up & Drop-off","Sacramento Intl Airport (SMF)","Shuttle to Car","9.1","163 Ratings","","FULLY REFUNDABLE","$","71","/day","","","656","total","Includes taxes and fees","Pay Now","SMF~SMF~NM~Y~~19cdf9fd8ec~~refCode-27-71936acc-7c5e-4884-97a3-4a7278a84a5a~20260318T12:00~20260325T12:00~EM~PGAR~USD~656.43~~~~~466.65~644.26~~~N~a771903e-ea43-4aea-85ec-6a55d1a9892d~~585.69~USD*","","Supplied by one of these brands","","","",""
"https://s1.pclncdn.com/rc-static/v2/vehicles/partner/em/16313/EM_CCAR_US.png?width=268&height=144&opto","https://s1.pclncdn.com/rc-static/v2/partner-logos/EM/EM_20251118015246.png?width=250&height=72&opto&fit=bounds","Quick Pick-Up","Compact Car","Nissan Versa or similar","person","5","work","2","check","Unlimited Mileage","","","","","Pick-up & Drop-off","Sacramento Intl Airport (SMF)","Shuttle to Car","9.1","163 Ratings","","FULLY REFUNDABLE","$","37","/day","","","363","total","Includes taxes and fees","Pay Now","SMF~SMF~NM~Y~~19cdf9fd8ec~~refCode-27-a145e451-7aa5-47fe-a87a-3cae4ddfe132~20260318T12:00~20260325T12:00~EM~CCAR~USD~363.46~~~~~228.89~340.33~~~N~abb7ee76-4de3-4c09-8c63-677163c5e551~~309.39~USD*","","Supplied by one of these brands","","","",""
"https://s1.pclncdn.com/rcimages/tr/media/vehicle/images/6FRQnUDAT4OC-TyQaVGJSQ.jpg?opto&width=268&height=144&crop=16:9","https://s1.pclncdn.com/rc-static/v2/partner-logos/TR/TR_20240722124658.png?width=250&height=72&opto&fit=bounds","","Audi Q5 2013","Car on Airport","person","5","","","check","First 1750 miles free","check","Counterless Pick-Up","info","info","Pick-up & Drop-off","Sacramento Intl Airport (SMF)","4.92","Learn More","","","Car sharing","$","57","/day","","","472","total","Includes taxes and fees","Pay Now","SMFT01~SMFT01~RP~Y~~19cdf9fd8eb~~refCode-27-fb0ed9dd-6de5-49c8-88d4-40be7db3fdb5~20260318T12:00~20260325T12:00~TR~PFDV~USD~472.16~~~~~~~~~N~ee970e98-8c2f-429e-bc5b-23a89f8e2cd9~38.69509,-121.59006;38.69509,-121.59006;7891693;AIRPORT;2501771;472.16;USD~472.16~USD*","","CANCELLATION AVAILABLE","on Turo","","",""
"https://s1.pclncdn.com/rcimages/tr/media/vehicle/images/wKi-4z8ATgarirF5c3JMfA.jpg?opto&width=268&height=144&crop=16:9","https://s1.pclncdn.com/rc-static/v2/partner-logos/TR/TR_20240722124658.png?width=250&height=72&opto&fit=bounds","","Mercedes-Benz E-Class 2017","Car on Airport","person","5","","","check","First 1400 miles free","check","Counterless Pick-Up","info","info","Pick-up & Drop-off","Sacramento Intl Airport (SMF)","4.97","Learn More","","","Car sharing","$","61","/day","","","501","total","Includes taxes and fees","Pay Now","SMFT01~SMFT01~RP~Y~~19cdf9fd8eb~~refCode-27-d35563de-77ad-4fe6-bbbd-7821f8321efa~20260318T12:00~20260325T12:00~TR~PCAV~USD~501.33~~~~~~~~~N~4c3d23e7-f8a6-4bf3-bd45-aaaa959a7438~38.69509,-121.59006;38.69509,-121.59006;7891693;AIRPORT;2776448;501.33;USD~501.33~USD*","","CANCELLATION AVAILABLE","on Turo","","",""
"https://s1.pclncdn.com/rc-static/v2/vehicles/generic/domestic_268x144_p/ICAR.png?opto&auto=webp&width=268","https://s1.pclncdn.com/rc-static/v2/partner-logos/AL/AL.png?width=88&height=44&opto&fit=bounds","","Mid-Size Car","Toyota Corolla or similar","person","5","work","2","check","Unlimited Mileage","","","","","Pick-up & Drop-off","Sacramento Intl Airport (SMF)","Airport Shuttle to Rental Car Center","8.1+","163+ Ratings","","Supplied by one of","$","24","/day","$","431","251","total","Includes taxes and fees","Pay Now","A-SMF~A-SMF~23.54~251.48~AL-BU-ZR-SX-ZT~refCode-27-e6d3c87c-b0dd-4561-aafe-e93d255706a0~19cdf9fd8ec~20260318T12:00~20260325T12:00~ICAR~USD~T2~219.30~USD~3d4e7be2-baed-4394-9c4e-be2cdd62bb59*bb1f486618a5f89c8cbc9b1e24ba9ecd","","these brands","Save up to 42%","https://s1.pclncdn.com/rc-static/v2/partner-logos/BU/BU_20240910101820.png?width=88&height=44&opto&fit=bounds","https://s1.pclncdn.com/rc-static/v2/partner-logos/ZR/ZR_20250904032348.png?width=88&height=44&opto&fit=bounds","https://s1.pclncdn.com/rc-static/v2/partner-logos/SX/SX_20250326112925.jpg?width=88&height=44&opto&fit=bounds"
"https://s1.pclncdn.com/rc-static/v2/vehicles/partner/em/16313/EM_FCAR_US.png?width=268&height=144&opto","https://s1.pclncdn.com/rc-static/v2/partner-logos/EM/EM_20251118015246.png?width=250&height=72&opto&fit=bounds","Quick Pick-Up","Full-Size Car","Chevrolet Malibu or similar","person","5","work","4","check","Unlimited Mileage","","","","","Pick-up & Drop-off","Sacramento Intl Airport (SMF)","Shuttle to Car","9.1","163 Ratings","","FULLY REFUNDABLE","$","40","/day","","","392","total","Includes taxes and fees","Pay Now","SMF~SMF~NM~Y~~19cdf9fd8ec~~refCode-27-6191b997-f625-47c5-8465-3039859613d7~20260318T12:00~20260325T12:00~EM~FCAR~USD~392.46~~~~~257.48~385.03~~~N~f822bd1f-3517-4a52-a922-7c9a510a8149~~350.03~USD*","","Supplied by one of these brands","","","",""
"https://s1.pclncdn.com/rc-static/v2/vehicles/generic/domestic_268x144_p/IFAR.png?opto&auto=webp&width=268","https://s1.pclncdn.com/rc-static/v2/partner-logos/AL/AL.png?width=88&height=44&opto&fit=bounds","","Mid-Size SUV","Nissan Rogue or similar","person","5","work","1","check","Unlimited Mileage","","","","","Pick-up & Drop-off","Sacramento Intl Airport (SMF)","Airport Shuttle to Rental Car Center","8.1+","163+ Ratings","","Supplied by one of","$","33","/day","$","551","339","total","Includes taxes and fees","Pay Now","A-SMF~A-SMF~32.83~338.98~AL-BU-ZR-SX-ZT~refCode-27-4d2b789c-cf6e-4880-a586-12123f1e165f~19cdf9fd8ec~20260318T12:00~20260325T12:00~IFAR~USD~T2~302.40~USD~18e986d1-5da1-4a56-b23c-9beb5d953688*595f5b4988c2b754561f12ba3d895715","","these brands","Save up to 38%","https://s1.pclncdn.com/rc-static/v2/partner-logos/BU/BU_20240910101820.png?width=88&height=44&opto&fit=bounds","https://s1.pclncdn.com/rc-static/v2/partner-logos/ZR/ZR_20250904032348.png?width=88&height=44&opto&fit=bounds","https://s1.pclncdn.com/rc-static/v2/partner-logos/SX/SX_20250326112925.jpg?width=88&height=44&opto&fit=bounds"
"https://s1.pclncdn.com/rc-static/v2/vehicles/generic/domestic_268x144_p/SFAR.png?opto&auto=webp&width=268","https://s1.pclncdn.com/rc-static/v2/partner-logos/AL/AL.png?width=88&height=44&opto&fit=bounds","","Standard Elite SUV","Ford Explorer or similar","person","5","work","3","check","Unlimited Mileage","","","","","Pick-up & Drop-off","Sacramento Intl Airport (SMF)","Airport Shuttle to Rental Car Center","8.1+","163+ Ratings","","Supplied by one of","$","46","/day","$","591","507","total","Includes taxes and fees","Pay Now","A-SMF~A-SMF~46.37~507.48~AL-BU-ZR-SX-ZT~refCode-27-f42421e8-9d4d-4f2e-9ad6-cae4eea41690~19cdf9fd8ec~20260318T12:00~20260325T12:00~RFAR~USD~T2~470.22~USD~34133f59-18ab-47d3-b4ff-851b4a10071d*7e323e712962db49604e212fa2551888","","these brands","Save up to 14%","https://s1.pclncdn.com/rc-static/v2/partner-logos/BU/BU_20240910101820.png?width=88&height=44&opto&fit=bounds","https://s1.pclncdn.com/rc-static/v2/partner-logos/ZR/ZR_20250904032348.png?width=88&height=44&opto&fit=bounds","https://s1.pclncdn.com/rc-static/v2/partner-logos/SX/SX_20250326112925.jpg?width=88&height=44&opto&fit=bounds"
"https://s1.pclncdn.com/rc-static/v2/vehicles/generic/domestic_268x144_p/ECAR.png?opto&auto=webp&width=268","https://s1.pclncdn.com/rc-static/v2/partner-logos/AL/AL.png?width=88&height=44&opto&fit=bounds","","Economy Car","Kia Rio or similar","person","4","work","1","check","Unlimited Mileage","","","","","Pick-up & Drop-off","Sacramento Intl Airport (SMF)","Airport Shuttle to Rental Car Center","8.1+","163+ Ratings","","Supplied by one of","$","27","/day","$","433","278","total","Includes taxes and fees","Pay Now","A-SMF~A-SMF~26.83~278.48~AL-BU-ZR-SX-ZT~refCode-27-26b243da-baae-4605-b219-b45b1f44edc4~19cdf9fd8ec~20260318T12:00~20260325T12:00~ECAR~USD~T2~248.03~USD~30472c8d-732d-4c86-bdff-1a9327ef71c3*6c4179dd7487ece7c4d822142c6397f0","","these brands","Save up to 36%","https://s1.pclncdn.com/rc-static/v2/partner-logos/BU/BU_20240910101820.png?width=88&height=44&opto&fit=bounds","https://s1.pclncdn.com/rc-static/v2/partner-logos/ZR/ZR_20250904032348.png?width=88&height=44&opto&fit=bounds","https://s1.pclncdn.com/rc-static/v2/partner-logos/SX/SX_20250326112925.jpg?width=88&height=44&opto&fit=bounds"
"https://s1.pclncdn.com/rc-static/v2/vehicles/generic/domestic_268x144_p/CCAR.png?opto&auto=webp&width=268","https://s1.pclncdn.com/rc-static/v2/partner-logos/AL/AL.png?width=88&height=44&opto&fit=bounds","","Compact Car","Kia Soul or similar","person","4","work","2","check","Unlimited Mileage","","","","","Pick-up & Drop-off","Sacramento Intl Airport (SMF)","Airport Shuttle to Rental Car Center","8.1+","163+ Ratings","","Supplied by one of","$","27","/day","$","433","278","total","Includes taxes and fees","Pay Now","A-SMF~A-SMF~26.92~278.48~AL-BU-ZR-SX-ZT~refCode-27-c79464b9-4419-43b5-ba49-2bf9869925c2~19cdf9fd8ec~20260318T12:00~20260325T12:00~CCAR~USD~T2~248.18~USD~7a64788c-4ac9-489e-9057-176e4fa4ca86*d8b3eee286ecaf67697e5c04d783a150","","these brands","Save up to 36%","https://s1.pclncdn.com/rc-static/v2/partner-logos/BU/BU_20240910101820.png?width=88&height=44&opto&fit=bounds","https://s1.pclncdn.com/rc-static/v2/partner-logos/ZR/ZR_20250904032348.png?width=88&height=44&opto&fit=bounds","https://s1.pclncdn.com/rc-static/v2/partner-logos/SX/SX_20250326112925.jpg?width=88&height=44&opto&fit=bounds"
"https://s1.pclncdn.com/rcimages/tr/media/vehicle/images/ZeBViKMqTV2mb3SwhLyn0w.jpg?opto&width=268&height=144&crop=16:9","https://s1.pclncdn.com/rc-static/v2/partner-logos/TR/TR_20240722124658.png?width=250&height=72&opto&fit=bounds","","Chevrolet Colorado 2020","Car on Airport","person","5","","","check","First 1400 miles free","check","Counterless Pick-Up","info","info","Pick-up & Drop-off","Sacramento Intl Airport (SMF)","4.8","Learn More","","","Car sharing","$","45","/day","","","449","total","Includes taxes and fees","Pay Now","SMFT01~SMFT01~RP~Y~~19cdf9fd8eb~~refCode-27-d573f426-2b30-4506-baef-b0898d99205e~20260318T12:00~20260325T12:00~TR~FQAV~USD~448.67~~~~~~~~~N~e7553aae-9c68-4173-a0df-09943aa5a997~38.69509,-121.59006;38.69509,-121.59006;7891693;AIRPORT;3025562;448.67;USD~448.67~USD*","","CANCELLATION AVAILABLE","on Turo","","",""
"https://s1.pclncdn.com/rcimages/tr/media/vehicle/images/wSqsVcUwTRGf_AjPouVnDg.jpg?opto&width=268&height=144&crop=16:9","https://s1.pclncdn.com/rc-static/v2/partner-logos/TR/TR_20240722124658.png?width=250&height=72&opto&fit=bounds","","Hyundai Sonata 2015","Car on Airport","person","5","","","check","First 1400 miles free","check","Counterless Pick-Up","info","info","Pick-up & Drop-off","Sacramento Intl Airport (SMF)","4.95","Learn More","","","Car sharing","$","40","/day","","","332","total","Includes taxes and fees","Pay Now","SMFT01~SMFT01~RP~Y~~19cdf9fd8eb~~refCode-27-d63aad27-ce1e-40f8-ae36-12cf2f57cef5~20260318T12:00~20260325T12:00~TR~SCAV~USD~332.34~~~~~~~~~N~14bbfe5d-4873-4050-8c42-158983f714c1~38.69509,-121.59006;38.69509,-121.59006;7891693;AIRPORT;2941789;332.34;USD~332.34~USD*","","CANCELLATION AVAILABLE","on Turo","","",""
"https://s1.pclncdn.com/rcimages/tr/media/vehicle/images/9jN5yU-6TPePTqemRfBIFw.jpg?opto&width=268&height=144&crop=16:9","https://s1.pclncdn.com/rc-static/v2/partner-logos/TR/TR_20240722124658.png?width=250&height=72&opto&fit=bounds","","Buick Enclave 2021","Car on Airport","person","7","","","check","First 1400 miles free","check","Counterless Pick-Up","info","info","Pick-up & Drop-off","Sacramento Intl Airport (SMF)","4.85","Learn More","","","Car sharing","$","48","/day","","","473","total","Includes taxes and fees","Pay Now","SMFT01~SMFT01~RP~Y~~19cdf9fd8eb~~refCode-27-dc81c660-5f7e-4d9b-af13-23d614fe24c6~20260318T12:00~20260325T12:00~TR~FFDV~USD~473.09~~~~~~~~~N~89f67dc7-9a1b-42b2-b7d1-406aa24e51bf~38.69509,-121.59006;38.69509,-121.59006;7891693;AIRPORT;3382490;473.09;USD~473.09~USD*","","CANCELLATION AVAILABLE","on Turo","","",""
"https://s1.pclncdn.com/rcimages/tr/media/vehicle/images/dmLTlK4rRL2_kXAGrbhGIQ.jpg?opto&width=268&height=144&crop=16:9","https://s1.pclncdn.com/rc-static/v2/partner-logos/TR/TR_20240722124658.png?width=250&height=72&opto&fit=bounds","","Toyota Prius 2018","Car on Airport","person","5","eco","Hybrid","check","First 1400 miles free","check","Counterless Pick-Up","info","info","Pick-up & Drop-off","Sacramento Intl Airport (SMF)","4.97","Learn More","","","Car sharing","$","41","/day","","","340","total","Includes taxes and fees","Pay Now","SMFT01~SMFT01~RP~Y~~19cdf9fd8eb~~refCode-27-da21572e-25be-468b-8cd0-47a3fb15cbe1~20260318T12:00~20260325T12:00~TR~ICAH~USD~339.89~~~~~~~~~N~f01fc7d6-b2d5-4fd4-84d6-89608a229d64~38.69509,-121.59006;38.69509,-121.59006;7891693;AIRPORT;3089568;339.89;USD~339.89~USD*","","CANCELLATION AVAILABLE","on Turo","","",""
"https://s1.pclncdn.com/rcimages/tr/media/vehicle/images/ha_UHHMnR3qDm_Y_muXzWA.jpg?opto&width=268&height=144&crop=16:9","https://s1.pclncdn.com/rc-static/v2/partner-logos/TR/TR_20240722124658.png?width=250&height=72&opto&fit=bounds","","Honda CR-V 2013","Car on Airport","person","5","","","check","First 1400 miles free","check","Counterless Pick-Up","info","info","Pick-up & Drop-off","Sacramento Intl Airport (SMF)","4.88","Learn More","","","Car sharing","$","47","/day","","","389","total","Includes taxes and fees","Pay Now","SMFT01~SMFT01~RP~Y~~19cdf9fd8eb~~refCode-27-4336d813-e1cf-4574-8921-35fbc4289b06~20260318T12:00~20260325T12:00~TR~IFDV~USD~389.31~~~~~~~~~N~f8d8c5de-52ab-4b87-bf01-ebfa1b3725fa~38.69509,-121.59006;38.69509,-121.59006;7891693;AIRPORT;2438220;389.31;USD~389.31~USD*","","CANCELLATION AVAILABLE","on Turo","","",""
"","","","","","","","","","","","","","","","","","","","","Load More","","","","","","","","","","","","","","","","",""
"https://s1.pclncdn.com/rc-static/v2/vehicles/partner/em/16313/EM_UDAR_US.png?width=268&height=144&opto","https://s1.pclncdn.com/rc-static/v2/partner-logos/EM/EM_20251118015246.png?width=250&height=72&opto&fit=bounds","Quick Pick-Up","Premium Car","Mercedes Gle, BMW X5 or similar","person","5","work","4","check","Unlimited Mileage","","","","","Pick-up & Drop-off","Sacramento Intl Airport (SMF)","Shuttle to Car","9.1","163 Ratings","","FULLY REFUNDABLE","$","99","/day","","","903","total","Includes taxes and fees","Pay Now","SMF~SMF~NM~Y~~19cdf9fd8ec~~refCode-27-f0d449cb-2348-4aed-a342-038048e40afd~20260318T12:00~20260325T12:00~EM~UDAR~USD~902.98~~~~~657.94~886.69~~~N~b208a266-77f6-4100-86bd-7100f9114b72~~806.08~USD*","","Supplied by one of these brands","","","",""
"https://s1.pclncdn.com/rcimages/tr/media/vehicle/images/A413D91hS4iT9RZCxzpnLA.heic?opto&width=268&height=144&crop=16:9","https://s1.pclncdn.com/rc-static/v2/partner-logos/TR/TR_20240722124658.png?width=250&height=72&opto&fit=bounds","","Toyota Prius 2013","Car on Airport","person","5","eco","Hybrid","check","First 1400 miles free","check","Counterless Pick-Up","info","info","Pick-up & Drop-off","Sacramento Intl Airport (SMF)","4.9","Learn More","","","Car sharing","$","38","/day","","","321","total","Includes taxes and fees","Pay Now","SMFT01~SMFT01~RP~Y~~19cdf9fd8eb~~refCode-27-87b733fd-0cbd-4869-b65e-46ffebccaa3c~20260318T12:00~20260325T12:00~TR~CCAH~USD~321.22~~~~~~~~~N~275e266d-c521-4d80-9b4e-752b2085d9de~38.69509,-121.59006;38.69509,-121.59006;7891693;AIRPORT;3394329;321.22;USD~321.22~USD*","","CANCELLATION AVAILABLE","on Turo","","",""
"https://s1.pclncdn.com/rc-static/v2/vehicles/generic/domestic_268x144_p/FCAR.png?opto&auto=webp&width=268","https://s1.pclncdn.com/rc-static/v2/partner-logos/AL/AL.png?width=88&height=44&opto&fit=bounds","","Full-Size Car","Toyota Camry or similar","person","5","work","3","check","Unlimited Mileage","","","","","Pick-up & Drop-off","Sacramento Intl Airport (SMF)","Airport Shuttle to Rental Car Center","8.1+","163+ Ratings","","Supplied by one of","$","25","/day","$","456","262","total","Includes taxes and fees","Pay Now","A-SMF~A-SMF~24.55~261.98~AL-BU-ZR-SX-ZT~refCode-27-5b0bed7d-6c77-41bf-952b-469142e9dbfb~19cdf9fd8ec~20260318T12:00~20260325T12:00~FCAR~USD~T2~229.39~USD~218dfebb-7ff8-459f-9468-a67778931d9b*69f6ee72d5316f633ddcf2cb6735e293","","these brands","Save up to 43%","https://s1.pclncdn.com/rc-static/v2/partner-logos/BU/BU_20240910101820.png?width=88&height=44&opto&fit=bounds","https://s1.pclncdn.com/rc-static/v2/partner-logos/ZR/ZR_20250904032348.png?width=88&height=44&opto&fit=bounds","https://s1.pclncdn.com/rc-static/v2/partner-logos/SX/SX_20250326112925.jpg?width=88&height=44&opto&fit=bounds"
"https://s1.pclncdn.com/rcimages/tr/media/vehicle/images/aN7v3TNXTnacG4r5BceEug.jpg?opto&width=268&height=144&crop=16:9","https://s1.pclncdn.com/rc-static/v2/partner-logos/TR/TR_20240722124658.png?width=250&height=72&opto&fit=bounds","","Toyota Prius c 2015","Car on Airport","person","5","eco","Hybrid","check","First 1400 miles free","check","Counterless Pick-Up","info","info","Pick-up & Drop-off","Sacramento Intl Airport (SMF)","5","Learn More","","","Car sharing","$","41","/day","","","345","total","Includes taxes and fees","Pay Now","SMFT01~SMFT01~RP~Y~~19cdf9fd8eb~~refCode-27-07ca3ff1-77df-4269-941a-10cfaa18a819~20260318T12:00~20260325T12:00~TR~ECAH~USD~345.05~~~~~~~~~N~72598f21-7493-46ee-a3ad-3f259e78e000~38.69509,-121.59006;38.69509,-121.59006;7891693;AIRPORT;3579254;345.05;USD~345.05~USD*","","CANCELLATION AVAILABLE","on Turo","","",""
"https://s1.pclncdn.com/rcimages/tr/media/vehicle/images/gS27WzRiT4qGg0XwKvsPxQ.jpg?opto&width=268&height=144&crop=16:9","https://s1.pclncdn.com/rc-static/v2/partner-logos/TR/TR_20240722124658.png?width=250&height=72&opto&fit=bounds","","Ford Mustang 2024","Car on Airport","person","4","","","check","First 1400 miles free","check","Counterless Pick-Up","info","info","Pick-up & Drop-off","Sacramento Intl Airport (SMF)","5","Learn More","","","Car sharing","$","78","/day","","","751","total","Includes taxes and fees","Pay Now","SMFT01~SMFT01~RP~Y~~19cdf9fd8eb~~refCode-27-d0fb9fb3-3d70-4da1-8306-3ee1db7a4242~20260318T12:00~20260325T12:00~TR~STAV~USD~750.66~~~~~~~~~N~4a5789b0-cdca-4afa-b4d3-2437ca056eb8~38.69509,-121.59006;38.69509,-121.59006;7891693;AIRPORT;2605792;750.66;USD~750.66~USD*","","CANCELLATION AVAILABLE","on Turo","","",""
"https://s1.pclncdn.com/rc-static/v2/vehicles/partner/av/16603/AV_RFAR_US.png","https://s1.pclncdn.com/rc-static/v2/partner-logos/AV/AV.png?width=250&height=72&opto&fit=bounds","Quick Pick-Up","Standard Elite SUV","Ford Explorer or similar","person","7","work","2","check","Pay at Pick-up","check","Unlimited Mileage","check","info","Pick-up & Drop-off","Sacramento Intl Airport (SMF)","Airport Shuttle to Rental Car Center","8","148 Ratings","Sign In for a VIP-Only Discount","FREE CANCELLATION","$","56","/day","$","648","552","total","Includes taxes and fees","Choose","SMF~SMF~R~Y~~19cdf9fd8eb~~refCode-27-150d823e-9e9a-4963-b1a1-62d77dcd920e~20260318T12:00~20260325T12:00~AV~RFAR~USD~552.34~~~~~466.99~647.66~~~N~e8e12467-c59f-4199-8bed-ad53a7d6f76c~~552.34~USD**78B319B5E7AB18F7CA0E6A4FC49AA0C0ACDA5CFBF381F453","SMF~SMF~R~N~~19cdf9fd8eb~~refCode-27-b3c484b5-a315-496d-bd3c-7890365c0785~20260318T12:00~20260325T12:00~AV~RFAR~USD~647.66~~~~~~~~~N~bbf899be-83bf-49eb-8a92-4063faf96772~~647.66~USD*","","","","",""
"https://s1.pclncdn.com/rc-static/v2/vehicles/partner/em/16313/EM_SCAR_US.png?width=268&height=144&opto","https://s1.pclncdn.com/rc-static/v2/partner-logos/EM/EM_20251118015246.png?width=250&height=72&opto&fit=bounds","Quick Pick-Up","Standard-Size Car","Volkswagen Jetta or similar","person","5","work","3","check","Unlimited Mileage","","","","","Pick-up & Drop-off","Sacramento Intl Airport (SMF)","Shuttle to Car","9.1","163 Ratings","","FULLY REFUNDABLE","$","40","/day","","","389","total","Includes taxes and fees","Pay Now","SMF~SMF~NM~Y~~19cdf9fd8ec~~refCode-27-32299413-340a-4e27-a460-4bfad1e2f725~20260318T12:00~20260325T12:00~EM~SCAR~USD~388.92~~~~~260.37~381.88~~~N~3eda04d3-26b9-4878-bd88-35933b24f449~~347.16~USD*","","Supplied by one of these brands","","","",""
"https://s1.pclncdn.com/rc-static/v2/vehicles/partner/bu/16603/BU_LCAR_US.png","https://s1.pclncdn.com/rc-static/v2/partner-logos/BU/BU_20240910101820.png?width=250&height=72&opto&fit=bounds","Quick Pick-Up","Luxury Car","Cadillac Ct5 or similar","person","5","work","3","check","Pay at Pick-up","check","Unlimited Mileage","check","info","Pick-up & Drop-off","Sacramento Intl Airport (SMF)","Airport Shuttle to Rental Car Center","8.1","506 Ratings","Sign In for a VIP-Only Discount","FREE CANCELLATION","$","56","/day","$","610","545","total","Includes taxes and fees","Choose","SMF~SMF~R~Y~~19cdf9fd8ea~~refCode-27-f974747d-79ff-48dd-8a4b-99a30b073b11~20260318T12:00~20260325T12:00~BU~LCAR~USD~545.22~~~~~440.99~609.76~~~N~acc2edfc-49aa-4c99-8235-05600636674f~~545.22~USD**78B319B5E7AB18F7CA0E6A4FC49AA0C0ACDA5CFBF381F453","SMF~SMF~R~N~~19cdf9fd8ea~~refCode-27-5cfa6bf4-3f1a-4b5c-a8ba-5252c8747e9f~20260318T12:00~20260325T12:00~BU~LCAR~USD~609.76~~~~~~~~~N~af5e1529-aa23-440a-b1a0-909518a9c807~~609.76~USD*","","","","",""
"https://s1.pclncdn.com/rc-static/v2/vehicles/partner/em/16313/EM_ECAR_US.png?width=268&height=144&opto","https://s1.pclncdn.com/rc-static/v2/partner-logos/EM/EM_20251118015246.png?width=250&height=72&opto&fit=bounds","Quick Pick-Up","Economy Car","Mitsubishi Mirage or similar","person","4","work","2","check","Unlimited Mileage","","","","","Pick-up & Drop-off","Sacramento Intl Airport (SMF)","Shuttle to Car","9.1","163 Ratings","","FULLY REFUNDABLE","$","38","/day","","","365","total","Includes taxes and fees","Pay Now","SMF~SMF~NM~Y~~19cdf9fd8ec~~refCode-27-3ea0f148-2eed-488a-a3e7-e2329aa80f67~20260318T12:00~20260325T12:00~EM~ECAR~USD~365.48~~~~~233.49~345.22~~~N~07058e41-cd72-4179-acea-4bafa6486c50~~313.84~USD*","","Supplied by one of these brands","","","",""
"https://s1.pclncdn.com/rc-static/v2/vehicles/partner/al/16403/AL_UDAR_US.png?width=268&height=144&opto","https://s1.pclncdn.com/rc-static/v2/partner-logos/AL/AL.png?width=250&height=72&opto&fit=bounds","Quick Pick-Up","Premium Car","Mercedes Gle, BMW X5 or similar","person","5","work","4","check","Pay at Pick-up","check","Unlimited Mileage","","","Pick-up & Drop-off","Sacramento Intl Airport (SMF)","Airport Shuttle to Rental Car Center","9.1","163 Ratings","","FREE CANCELLATION","$","99","/day","","","927","total","Includes taxes and fees","Pay Later","SMF~SMF~R~N~~19cdf9fd8ea~~refCode-27-48e8575a-2bf2-459e-8e05-8f7b82d25a31~20260318T12:00~20260325T12:00~AL~UDAR~USD~926.67~~~~~~~~~N~2e3c0226-5cd8-44c3-9579-bff3d59aada4~~926.67~USD*","","","","","",""
"https://s1.pclncdn.com/rc-static/v2/vehicles/generic/domestic_268x144_p/FJAR.png?opto&auto=webp&width=268","https://s1.pclncdn.com/rc-static/v2/partner-logos/AL/AL.png?width=88&height=44&opto&fit=bounds","","Mid-Size Specialty Vehicle","Jeep Wrangler 2 door or similar","person","4","work","1","check","Unlimited Mileage","","","","","Pick-up & Drop-off","Sacramento Intl Airport (SMF)","Airport Shuttle to Rental Car Center","8.1+","163+ Ratings","","Supplied by one of","$","42","/day","$","637","408","total","Includes taxes and fees","Pay Now","A-SMF~A-SMF~41.55~407.98~AL-BU-ZR-SX-ZT~refCode-27-7e8932f3-0c8e-4d1d-bf25-e64ae6651b37~19cdf9fd8ec~20260318T12:00~20260325T12:00~IJAR~USD~T2~363.99~USD~6eba1acf-6d44-4d99-b7b1-5430a6133c4f*c22e490dfd706566a0868dbd5cfbc828","","these brands","Save up to 36%","https://s1.pclncdn.com/rc-static/v2/partner-logos/BU/BU_20240910101820.png?width=88&height=44&opto&fit=bounds","https://s1.pclncdn.com/rc-static/v2/partner-logos/ZR/ZR_20250904032348.png?width=88&height=44&opto&fit=bounds","https://s1.pclncdn.com/rc-static/v2/partner-logos/SX/SX_20250326112925.jpg?width=88&height=44&opto&fit=bounds"
"https://s1.pclncdn.com/rc-static/v2/vehicles/generic/domestic_268x144_p/SVAR.png?opto&auto=webp&width=268","https://s1.pclncdn.com/rc-static/v2/partner-logos/AL/AL.png?width=88&height=44&opto&fit=bounds","","Standard-Size Van","Toyota Sienna or similar","person","7","work","4","check","Unlimited Mileage","","","","","Pick-up & Drop-off","Sacramento Intl Airport (SMF)","Airport Shuttle to Rental Car Center","8.1+","163+ Ratings","","Supplied by one of","$","46","/day","$","540","443","total","Includes taxes and fees","Pay Now","A-SMF~A-SMF~46~442.98~AL-BU-ZR-SX-ZT~refCode-27-8e68af1c-7133-43e0-be1d-dd99670f249b~19cdf9fd8ec~20260318T12:00~20260325T12:00~SVAR~USD~T2~405.99~USD~6769633b-a2a7-4683-9ac4-4c78b85eacf4*397b78c1a43df7eda4161aa16d8420fb","","these brands","Save up to 18%","https://s1.pclncdn.com/rc-static/v2/partner-logos/BU/BU_20240910101820.png?width=88&height=44&opto&fit=bounds","https://s1.pclncdn.com/rc-static/v2/partner-logos/ZR/ZR_20250904032348.png?width=88&height=44&opto&fit=bounds","https://s1.pclncdn.com/rc-static/v2/partner-logos/SX/SX_20250326112925.jpg?width=88&height=44&opto&fit=bounds"
"https://s1.pclncdn.com/rc-static/v2/vehicles/generic/domestic_268x144_p/SFAR.png?opto&auto=webp&width=268","https://s1.pclncdn.com/rc-static/v2/partner-logos/AL/AL.png?width=88&height=44&opto&fit=bounds","","Standard-Size SUV","Ford Edge or similar","person","5","work","2","check","Unlimited Mileage","","","","","Pick-up & Drop-off","Sacramento Intl Airport (SMF)","Airport Shuttle to Rental Car Center","8.1+","163+ Ratings","","Supplied by one of","$","36","/day","$","590","371","total","Includes taxes and fees","Pay Now","A-SMF~A-SMF~36.12~370.98~AL-BU-ZR-SX-ZT~refCode-27-69c835d7-50bc-479e-87c8-678e0739c8f7~19cdf9fd8ec~20260318T12:00~20260325T12:00~SFAR~USD~T2~331.17~USD~f1070aea-077a-49c0-a9e2-a2bad48b26ad*3847c2f2ff1b8456a4b66b130cdd4eb9","","these brands","Save up to 37%","https://s1.pclncdn.com/rc-static/v2/partner-logos/BU/BU_20240910101820.png?width=88&height=44&opto&fit=bounds","https://s1.pclncdn.com/rc-static/v2/partner-logos/ZR/ZR_20250904032348.png?width=88&height=44&opto&fit=bounds","https://s1.pclncdn.com/rc-static/v2/partner-logos/SX/SX_20250326112925.jpg?width=88&height=44&opto&fit=bounds"
"https://s1.pclncdn.com/rc-static/v2/vehicles/generic/domestic_268x144_p/MVAR.png?opto&auto=webp&width=268","https://s1.pclncdn.com/rc-static/v2/partner-logos/AL/AL.png?width=88&height=44&opto&fit=bounds","","Minivan","Nissan Quest or similar","person","7","work","3","check","Unlimited Mileage","","","","","Pick-up & Drop-off","Sacramento Intl Airport (SMF)","Airport Shuttle to Rental Car Center","8.1+","163+ Ratings","","Supplied by one of","$","40","/day","$","755","401","total","Includes taxes and fees","Pay Now","A-SMF~A-SMF~39.82~400.98~AL-BU-ZR-SX-ZT~refCode-27-0c002542-df96-43ba-a930-8badd7b99deb~19cdf9fd8ec~20260318T12:00~20260325T12:00~MVAR~USD~T2~368.87~USD~a6268a4c-c9b8-4e8f-bfe5-3a91d6b085f8*7cd4195c1eb6add8a019519c348a1ddd","","these brands","Save up to 47%","https://s1.pclncdn.com/rc-static/v2/partner-logos/BU/BU_20240910101820.png?width=88&height=44&opto&fit=bounds","https://s1.pclncdn.com/rc-static/v2/partner-logos/ZR/ZR_20250904032348.png?width=88&height=44&opto&fit=bounds","https://s1.pclncdn.com/rc-static/v2/partner-logos/SX/SX_20250326112925.jpg?width=88&height=44&opto&fit=bounds"
"https://s1.pclncdn.com/rc-static/v2/vehicles/generic/partnerchoice/size268x144.png?opto&auto=webp&width=268","https://s1.pclncdn.com/rc-static/v2/partner-logos/AL/AL.png?width=88&height=44&opto&fit=bounds","","Supplier's Choice","Vehicle determined at pick-up","person","4","work","1","check","Unlimited Mileage","","","","","Pick-up & Drop-off","Sacramento Intl Airport (SMF)","Airport Shuttle to Rental Car Center","8.1+","163+ Ratings","","Supplied by one of","$","27","/day","$","415","271","total","Includes taxes and fees","Pay Now","A-SMF~A-SMF~26.91~270.98~AL-BU-ZR-SX-ZT~refCode-27-21f86d09-265e-4530-b043-96558b393f31~19cdf9fd8ec~20260318T12:00~20260325T12:00~XXAR~USD~T2~239.01~USD~a5834c7b-1353-4404-9872-ee607de6f013*b7fb2b1da53b2669f6e9a4715f6093b3","","these brands","Save up to 35%","https://s1.pclncdn.com/rc-static/v2/partner-logos/BU/BU_20240910101820.png?width=88&height=44&opto&fit=bounds","https://s1.pclncdn.com/rc-static/v2/partner-logos/ZR/ZR_20250904032348.png?width=88&height=44&opto&fit=bounds","https://s1.pclncdn.com/rc-static/v2/partner-logos/SX/SX_20250326112925.jpg?width=88&height=44&opto&fit=bounds"
"https://s1.pclncdn.com/rc-static/v2/vehicles/generic/domestic_268x144_p/PFAR.png?opto&auto=webp&width=268","https://s1.pclncdn.com/rc-static/v2/partner-logos/AL/AL.png?width=88&height=44&opto&fit=bounds","","Premium Crossover","Dodge Durango or similar","person","5","work","3","check","Unlimited Mileage","","","","","Pick-up & Drop-off","Sacramento Intl Airport (SMF)","Airport Shuttle to Rental Car Center","8.1+","163+ Ratings","","Supplied by one of","$","61","/day","$","853","635","total","Includes taxes and fees","Pay Now","A-SMF~A-SMF~60.96~634.98~AL-BU-ZR-SX-ZT~refCode-27-c2844564-e6f9-4f06-84f4-585511d20e6e~19cdf9fd8ec~20260318T12:00~20260325T12:00~PGAR~USD~T2~585.69~USD~ec93cee5-1f02-4c20-81f8-a1f45e367a07*5073c24054fc1a23b17225a31c78be8b","","these brands","Save up to 26%","https://s1.pclncdn.com/rc-static/v2/partner-logos/BU/BU_20240910101820.png?width=88&height=44&opto&fit=bounds","https://s1.pclncdn.com/rc-static/v2/partner-logos/ZR/ZR_20250904032348.png?width=88&height=44&opto&fit=bounds","https://s1.pclncdn.com/rc-static/v2/partner-logos/SX/SX_20250326112925.jpg?width=88&height=44&opto&fit=bounds"
"https://s1.pclncdn.com/rc-static/v2/vehicles/partner/bu/16603/BU_JXAE_US.png","https://s1.pclncdn.com/rc-static/v2/partner-logos/BU/BU_20240910101820.png?width=250&height=72&opto&fit=bounds","Quick Pick-Up","Mid-size Electric Car","Tesla Long Range Model 3 or similar","person","5","work","2","check","Pay at Pick-up","check","Unlimited Mileage","check","info","Pick-up & Drop-off","Sacramento Intl Airport (SMF)","Airport Shuttle to Rental Car Center","8.1","506 Ratings","Sign In for a VIP-Only Discount","FREE CANCELLATION","$","33","/day","$","367","352","total","Includes taxes and fees","Choose","SMF~SMF~R~Y~~19cdf9fd8eb~~refCode-27-6051a8d5-98c0-444c-8459-586e814d56d5~20260318T12:00~20260325T12:00~BU~JXAE~USD~351.89~~~~~242.99~366.87~~~N~c4fe392a-d609-4ec2-854e-d0c580088a03~~351.89~USD**78B319B5E7AB18F7CA0E6A4FC49AA0C0ACDA5CFBF381F453","SMF~SMF~R~N~~19cdf9fd8eb~~refCode-27-fa8ae58d-713d-4249-a6d0-34b1287401b6~20260318T12:00~20260325T12:00~BU~JXAE~USD~366.87~~~~~~~~~N~7d0271c2-062d-4f87-aed7-60029c38613c~~366.87~USD*","Electric","","","",""
"https://s1.pclncdn.com/rc-static/v2/vehicles/partner/bu/16603/BU_XXAR_US.png?width=268&height=144&opto","https://s1.pclncdn.com/rc-static/v2/partner-logos/BU/BU_20240910101820.png?width=250&height=72&opto&fit=bounds","Quick Pick-Up","Supplier's Choice","Vehicle determined at pick-up","person","3","work","1","check","Pay at Pick-up","check","Unlimited Mileage","check","info","Pick-up & Drop-off","Sacramento Intl Airport (SMF)","Airport Shuttle to Rental Car Center","8.1","506 Ratings","Sign In for a VIP-Only Discount","FREE CANCELLATION","$","35","/day","$","400","384","total","Includes taxes and fees","Choose","SMF~SMF~R~Y~~19cdf9fd8eb~~refCode-27-ad858702-0bb5-4c25-acea-320c14d50750~20260318T12:00~20260325T12:00~BU~XXAR~USD~384.03~~~~~259.99~400.04~~~N~042722e5-d599-4f42-aa9e-2d57692582e6~~384.03~USD**78B319B5E7AB18F7CA0E6A4FC49AA0C0ACDA5CFBF381F453","SMF~SMF~R~N~~19cdf9fd8eb~~refCode-27-fd17ebbf-a9f6-4993-b768-6c92640be6be~20260318T12:00~20260325T12:00~BU~XXAR~USD~400.04~~~~~~~~~N~9cc61f5c-05be-472d-a987-c12b7cbd7146~~400.04~USD*","","","","",""
"https://s1.pclncdn.com/rc-static/v2/vehicles/partner/bu/16603/BU_CCAR_US.png","https://s1.pclncdn.com/rc-static/v2/partner-logos/BU/BU_20240910101820.png?width=250&height=72&opto&fit=bounds","Quick Pick-Up","Compact Car","Kia Soul or similar","person","5","work","1","check","Pay at Pick-up","check","Unlimited Mileage","check","info","Pick-up & Drop-off","Sacramento Intl Airport (SMF)","Airport Shuttle to Rental Car Center","8.1","506 Ratings","Sign In for a VIP-Only Discount","FREE CANCELLATION","$","38","/day","$","433","386","total","Includes taxes and fees","Choose","SMF~SMF~R~Y~~19cdf9fd8ea~~refCode-27-62249efe-cbd5-433e-8fb6-a7b6f7604abc~20260318T12:00~20260325T12:00~BU~CCAR~USD~386.42~~~~~305.99~432.93~~~N~c3e4c33a-4661-40f8-b0c1-0b3fc4777cda~~386.42~USD**78B319B5E7AB18F7CA0E6A4FC49AA0C0ACDA5CFBF381F453","SMF~SMF~R~N~~19cdf9fd8ea~~refCode-27-f8ec7a6b-2936-4913-91ca-c30b9e9b216c~20260318T12:00~20260325T12:00~BU~CCAR~USD~432.93~~~~~~~~~N~0f983e11-8755-4815-a8cf-25cb57d7e53f~~432.93~USD*","","","","",""
"https://s1.pclncdn.com/rc-static/v2/vehicles/partner/zr/16463/ZR_PCAR_US.jpg","https://s1.pclncdn.com/rc-static/v2/partner-logos/ZR/ZR_20250904032348.png?width=250&height=72&opto&fit=bounds","Quick Pick-Up","Premium Car","Chevrolet Impala or similar","person","5","work","3","check","Unlimited Mileage","check","Online Check-in","","info","Pick-up & Drop-off","Sacramento Intl Airport (SMF)","Airport Shuttle to Rental Car Center","8.5","376 Ratings","","FREE CANCELLATION","$","79","/day","$","901","747","total","Includes taxes and fees","Choose","SMF~SMF~RP~Y~~19cdf9fd8ec~~refCode-27-d994007c-bb71-40f9-a9ea-367a5d5c64da~20260318T12:00~20260325T12:00~ZR~PCAR~USD~746.73~~~~~680.81~901.41~~~N~a166e64e-bb08-41bc-81f2-52e4b6331fc2~~746.73~USD*","SMF~SMF~R~N~~19cdf9fd8ec~~refCode-27-6879fb85-6907-4521-9026-92ab97c295ca~20260318T12:00~20260325T12:00~ZR~PCAR~USD~901.41~~~~~~~~~N~6d1c84a0-51c1-4526-8137-7a0a404ef2b1~~901.41~USD*","","","","",""
"https://s1.pclncdn.com/rc-static/v2/vehicles/partner/zt/16463/ZT_FCAR_US.jpg","https://s1.pclncdn.com/rc-static/v2/partner-logos/ZT/ZT.png?width=250&height=72&opto&fit=bounds","Quick Pick-Up","Full-Size Car","Chevrolet Malibu or similar","person","5","work","3","check","Unlimited Mileage","check","Online Check-in","","info","Pick-up & Drop-off","Sacramento Intl Airport (SMF)","Airport Shuttle to Rental Car Center","8.3","197 Ratings","","FREE CANCELLATION","$","37","/day","$","430","374","total","Includes taxes and fees","Choose","SMF~SMF~RP~Y~~19cdf9fd8eb~~refCode-27-adc18305-918b-441c-876b-f72270f75c1f~20260318T12:00~20260325T12:00~ZT~FCAR~USD~374.25~~~~~302.29~430.14~~~N~dbfadfa2-ab1b-4bf4-9308-692b8a60ef51~~374.25~USD*","SMF~SMF~R~N~~19cdf9fd8eb~~refCode-27-0c7684c8-5c9d-42a2-9a03-36568b54d590~20260318T12:00~20260325T12:00~ZT~FCAR~USD~430.14~~~~~~~~~N~672e50c9-2e02-4d31-86fd-642254c0257b~~430.14~USD*","","","","",""
"https://s1.pclncdn.com/rcimages/tr/media/vehicle/images/tmP24YeEQmu0wYjH7MsK3Q.jpg?opto&width=268&height=144&crop=16:9","https://s1.pclncdn.com/rc-static/v2/partner-logos/TR/TR_20240722124658.png?width=250&height=72&opto&fit=bounds","","Honda Odyssey 2012","Car on Airport","person","8","","","check","First 1400 miles free","check","Counterless Pick-Up","info","info","Pick-up & Drop-off","Sacramento Intl Airport (SMF)","4.89","Learn More","","","Car sharing","$","49","/day","","","410","total","Includes taxes and fees","Pay Now","SMFT01~SMFT01~RP~Y~~19cdf9fd8eb~~refCode-27-ac93438a-ad7f-41b2-9347-d30384389439~20260318T12:00~20260325T12:00~TR~MVAV~USD~409.57~~~~~~~~~N~5db21518-b927-4ac7-bb6c-82e37ae0d452~38.69509,-121.59006;38.69509,-121.59006;7891693;AIRPORT;2555733;409.57;USD~409.57~USD*","","CANCELLATION AVAILABLE","on Turo","","",""
"https://s1.pclncdn.com/rc-static/v2/vehicles/partner/zt/16463/ZT_PCAR_US.jpg","https://s1.pclncdn.com/rc-static/v2/partner-logos/ZT/ZT.png?width=250&height=72&opto&fit=bounds","Quick Pick-Up","Premium Car","Chevrolet Impala or similar","person","5","work","3","check","Unlimited Mileage","check","Online Check-in","","info","Pick-up & Drop-off","Sacramento Intl Airport (SMF)","Airport Shuttle to Rental Car Center","8.3","197 Ratings","","FREE CANCELLATION","$","79","/day","$","901","747","total","Includes taxes and fees","Choose","SMF~SMF~RP~Y~~19cdf9fd8eb~~refCode-27-b3544b62-8307-47ed-a02d-062f962d9cd0~20260318T12:00~20260325T12:00~ZT~PCAR~USD~746.73~~~~~680.81~901.41~~~N~684c98e1-4f06-44c1-843a-6a12b29d2afb~~746.73~USD*","SMF~SMF~R~N~~19cdf9fd8eb~~refCode-27-65014afa-8d56-4412-a3a3-404d7de8c513~20260318T12:00~20260325T12:00~ZT~PCAR~USD~901.41~~~~~~~~~N~9cce1597-483b-4bc7-a90b-5cdd4df368a0~~901.41~USD*","","","","",""
"https://s1.pclncdn.com/rc-static/v2/vehicles/generic/domestic_268x144_p/SFAR.png?opto&auto=webp&width=268","https://s1.pclncdn.com/rc-static/v2/partner-logos/AV/AV.png?width=88&height=44&opto&fit=bounds","","Standard-Size SUV","Ford Edge or similar","person","5","work","2","check","Unlimited Mileage","","","","","Pick-up & Drop-off","Sacramento Intl Airport (SMF)","Airport Shuttle to Rental Car Center","8+","23+ Ratings","","Supplied by one of","$","49","/day","$","668","490","total","Includes taxes and fees","Pay Now","A-SMF~A-SMF~49.33~490.48~AV-ET-HZ-NA~refCode-27-514f28fc-faa0-455e-b6da-95c8d47ea699~19cdf9fd8ec~20260318T12:00~20260325T12:00~SFAR~USD~T1~450.78~USD~3afaa9f5-f297-4f9a-ae99-3d0e6b26126b*3df455062445220866f0c847e85ffbc8","","these brands","Save up to 27%","https://s1.pclncdn.com/rc-static/v2/partner-logos/ET/ET.png?width=88&height=44&opto&fit=bounds","https://s1.pclncdn.com/rc-static/v2/partner-logos/HZ/HZ.png?width=88&height=44&opto&fit=bounds","https://s1.pclncdn.com/rc-static/v2/partner-logos/NA/NA.png?width=88&height=44&opto&fit=bounds"
"https://s1.pclncdn.com/rc-static/v2/vehicles/partner/zr/16463/ZR_SVAR_US.jpg","https://s1.pclncdn.com/rc-static/v2/partner-logos/ZR/ZR_20250904032348.png?width=250&height=72&opto&fit=bounds","Quick Pick-Up","Standard-Size Van","Ford Transit Wagon or similar","person","7","work","7","check","Unlimited Mileage","check","Online Check-in","","info","Pick-up & Drop-off","Sacramento Intl Airport (SMF)","Airport Shuttle to Rental Car Center","8.5","376 Ratings","","FREE CANCELLATION","$","47","/day","$","540","470","total","Includes taxes and fees","Choose","SMF~SMF~RP~Y~~19cdf9fd8ec~~refCode-27-ef254295-02fe-439b-995c-7064012d5cdb~20260318T12:00~20260325T12:00~ZR~SVAR~USD~469.81~~~~~386.99~540.03~~~N~65fa064d-278a-4613-bd1f-e01fe984c1c2~~469.81~USD*","SMF~SMF~R~N~~19cdf9fd8ec~~refCode-27-f850ad9d-b500-4e00-905e-52f75ab5e896~20260318T12:00~20260325T12:00~ZR~SVAR~USD~540.03~~~~~~~~~N~f812a339-d408-469a-82ff-87b0240c282a~~540.03~USD*","","","","",""
"https://s1.pclncdn.com/rc-static/v2/vehicles/generic/domestic_268x144_p/IFAR.png?opto&auto=webp&width=268","https://s1.pclncdn.com/rc-static/v2/partner-logos/AV/AV.png?width=88&height=44&opto&fit=bounds","","Mid-Size SUV","Nissan Rogue or similar","person","5","work","1","check","Unlimited Mileage","","","","","Pick-up & Drop-off","Sacramento Intl Airport (SMF)","Airport Shuttle to Rental Car Center","8+","23+ Ratings","","Supplied by one of","$","46","/day","$","619","455","total","Includes taxes and fees","Pay Now","A-SMF~A-SMF~46.06~455.48~AV-ET-HZ-NA~refCode-27-a4a1983d-9b75-4346-ae0d-fc633c31b7a9~19cdf9fd8ec~20260318T12:00~20260325T12:00~IFAR~USD~T1~418.54~USD~75ac7a6a-0421-4489-86c8-c4f60e9d1693*675cf108777b23b8b29dd2e748bf928f","","these brands","Save up to 26%","https://s1.pclncdn.com/rc-static/v2/partner-logos/ET/ET.png?width=88&height=44&opto&fit=bounds","https://s1.pclncdn.com/rc-static/v2/partner-logos/HZ/HZ.png?width=88&height=44&opto&fit=bounds","https://s1.pclncdn.com/rc-static/v2/partner-logos/NA/NA.png?width=88&height=44&opto&fit=bounds"
"https://s1.pclncdn.com/rcimages/tr/media/vehicle/images/Kly1AmT5QMylVM9CgHqtCg.heic?opto&width=268&height=144&crop=16:9","https://s1.pclncdn.com/rc-static/v2/partner-logos/TR/TR_20240722124658.png?width=250&height=72&opto&fit=bounds","","Audi e-tron 2019","Car on Airport","person","5","flash_on","Electric","check","First 1400 miles free","check","Counterless Pick-Up","info","info","Pick-up & Drop-off","Sacramento Intl Airport (SMF)","5","Learn More","","","Car sharing","$","64","/day","","","617","total","Includes taxes and fees","Pay Now","SMFT01~SMFT01~RP~Y~~19cdf9fd8eb~~refCode-27-7e2cabdd-db35-420e-a3f6-021219b1c344~20260318T12:00~20260325T12:00~TR~PFDE~USD~616.79~~~~~~~~~N~c26927b1-82bd-40f7-82dd-26ee66ebb5f0~38.69509,-121.59006;38.69509,-121.59006;7891693;AIRPORT;3296446;616.79;USD~616.79~USD*","","CANCELLATION AVAILABLE","on Turo","","",""
"https://s1.pclncdn.com/rc-static/v2/vehicles/partner/av/15623/AV_XXAR_US.png?width=268&height=144&opto","https://s1.pclncdn.com/rc-static/v2/partner-logos/AV/AV.png?width=250&height=72&opto&fit=bounds","Quick Pick-Up","Supplier's Choice","Vehicle determined at pick-up","person","3","","","check","Pay at Pick-up","check","Unlimited Mileage","check","info","Pick-up & Drop-off","Sacramento Intl Airport (SMF)","Airport Shuttle to Rental Car Center","8","148 Ratings","Sign In for a VIP-Only Discount","FREE CANCELLATION","$","36","/day","$","405","389","total","Includes taxes and fees","Choose","SMF~SMF~R~Y~~19cdf9fd8ec~~refCode-27-e3555d7f-bb6d-4ec7-863b-c06035a47760~20260318T12:00~20260325T12:00~AV~XXAR~USD~388.71~~~~~263.99~404.98~~~N~5b97c33e-1018-45dd-a663-53e8ebdc078f~~388.71~USD**78B319B5E7AB18F7CA0E6A4FC49AA0C0ACDA5CFBF381F453","SMF~SMF~R~N~~19cdf9fd8ec~~refCode-27-314b127a-b6d4-4d9c-957c-8c2b46a98fd1~20260318T12:00~20260325T12:00~AV~XXAR~USD~404.98~~~~~~~~~N~60da1754-4038-4cc6-951b-6ed85b326acc~~404.98~USD*","","","","",""
"https://s1.pclncdn.com/rc-static/v2/vehicles/partner/em/16313/EM_MVAR_US.png?width=268&height=144&opto","https://s1.pclncdn.com/rc-static/v2/partner-logos/EM/EM_20251118015246.png?width=250&height=72&opto&fit=bounds","Quick Pick-Up","Minivan","Chrysler Pacifica or similar","person","7","work","5","check","Unlimited Mileage","","","","","Pick-up & Drop-off","Sacramento Intl Airport (SMF)","Shuttle to Car","9.1","163 Ratings","","FULLY REFUNDABLE","$","50","/day","","","478","total","Includes taxes and fees","Pay Now","SMF~SMF~NM~Y~~19cdf9fd8ec~~refCode-27-8a8b7aa7-48f1-47de-9f15-d3bf9ddca217~20260318T12:00~20260325T12:00~EM~MVAR~USD~478.44~~~~~326.83~469.73~~~N~002f1665-9396-40ba-87b9-2bcfc340f44e~~427.03~USD*","","Supplied by one of these brands","","","",""
"https://s1.pclncdn.com/rc-static/v2/vehicles/partner/zr/16463/ZR_SCAR_US.jpg","https://s1.pclncdn.com/rc-static/v2/partner-logos/ZR/ZR_20250904032348.png?width=250&height=72&opto&fit=bounds","Quick Pick-Up","Standard-Size Car","Kia K5 or similar","person","4","work","2","check","Unlimited Mileage","check","Online Check-in","","info","Pick-up & Drop-off","Sacramento Intl Airport (SMF)","Airport Shuttle to Rental Car Center","8.5","376 Ratings","","FREE CANCELLATION","$","35","/day","$","412","359","total","Includes taxes and fees","Choose","SMF~SMF~RP~Y~~19cdf9fd8ec~~refCode-27-f84e782f-f70e-4cef-947a-b5e6e4ed197d~20260318T12:00~20260325T12:00~ZR~SCAR~USD~358.72~~~~~286.99~411.71~~~N~0713e3f1-5e6e-45a4-b6c2-f7641fd7bc30~~358.72~USD*","SMF~SMF~R~N~~19cdf9fd8ec~~refCode-27-04d1f958-1c70-4b79-bf3a-52dd8b6fb848~20260318T12:00~20260325T12:00~ZR~SCAR~USD~411.71~~~~~~~~~N~1f690cb6-9f08-47d7-9e73-39fc12593836~~411.71~USD*","","","","",""
"https://s1.pclncdn.com/rc-static/v2/vehicles/partner/zt/16463/ZT_SVAR_US.jpg","https://s1.pclncdn.com/rc-static/v2/partner-logos/ZT/ZT.png?width=250&height=72&opto&fit=bounds","Quick Pick-Up","Standard-Size Van","Ford Transit Wagon or similar","person","7","work","7","check","Unlimited Mileage","check","Online Check-in","","info","Pick-up & Drop-off","Sacramento Intl Airport (SMF)","Airport Shuttle to Rental Car Center","8.3","197 Ratings","","FREE CANCELLATION","$","47","/day","$","540","470","total","Includes taxes and fees","Choose","SMF~SMF~RP~Y~~19cdf9fd8eb~~refCode-27-af08102a-0e90-4952-a7d9-d64b32b8ee1e~20260318T12:00~20260325T12:00~ZT~SVAR~USD~469.81~~~~~386.99~540.03~~~N~9e8c4a51-3c49-498c-b335-71c8cd8709c9~~469.81~USD*","SMF~SMF~R~N~~19cdf9fd8eb~~refCode-27-189fe7e2-c5a9-42e4-82b5-e8ce9bdeaa65~20260318T12:00~20260325T12:00~ZT~SVAR~USD~540.03~~~~~~~~~N~1d283eb5-cc1f-4eba-9f04-328716ee6680~~540.03~USD*","","","","",""
"https://s1.pclncdn.com/rc-static/v2/vehicles/partner/av/16603/AV_WCAC_US.png","https://s1.pclncdn.com/rc-static/v2/partner-logos/AV/AV.png?width=250&height=72&opto&fit=bounds","Quick Pick-Up","Luxury Electric Car","Genesis G80e or similar","person","5","work","2","check","Pay at Pick-up","check","Unlimited Mileage","check","info","Pick-up & Drop-off","Sacramento Intl Airport (SMF)","Airport Shuttle to Rental Car Center","8","148 Ratings","Sign In for a VIP-Only Discount","FREE CANCELLATION","$","55","/day","$","576","551","total","Includes taxes and fees","Choose","SMF~SMF~R~Y~~19cdf9fd8ec~~refCode-27-55844bb7-8cd9-4067-9c5f-eac7e2c886b7~20260318T12:00~20260325T12:00~AV~WCAC~USD~550.75~~~~~404.99~575.70~~~N~1bb123d2-523a-4c4c-8437-47e9ba9e3e32~~550.75~USD**78B319B5E7AB18F7CA0E6A4FC49AA0C0ACDA5CFBF381F453","SMF~SMF~R~N~~19cdf9fd8ec~~refCode-27-c8b530f6-1f71-4f64-9978-a03cfa25dfa7~20260318T12:00~20260325T12:00~AV~WCAC~USD~575.70~~~~~~~~~N~dafea7e8-a31d-4e1e-9ebb-e0c73fd9981e~~575.70~USD*","Electric","","","",""
"https://s1.pclncdn.com/rc-static/v2/vehicles/partner/za/16603/ZA_WCAC_US.png","https://s1.pclncdn.com/rc-static/v2/partner-logos/ZA/ZA.png?width=250&height=72&opto&fit=bounds","Quick Pick-Up","Luxury Electric Car","Genesis G80e or similar","person","5","work","2","check","Unlimited Mileage","","","","","Pick-up & Drop-off","Sacramento Intl Airport (SMF)","Airport Shuttle to Rental Car Center","8.2","136 Ratings","","FREE CANCELLATION","$","46","/day","$","514","470","total","Includes taxes and fees","Choose","SMF~SMF~RM~Y~~19cdf9fd8eb~~refCode-27-75da21f3-cd0e-4b3e-8971-d92fa01aa1c7~20260318T12:00~20260325T12:00~ZA~WCAC~USD~470.36~~~~~354.99~514.10~~~N~6a2b9d1e-a9b9-4a41-8b7f-576beb01d0b3~~470.36~USD*","SMF~SMF~R~N~~19cdf9fd8eb~~refCode-27-449a1285-11b5-4678-adc0-d81494844c2b~20260318T12:00~20260325T12:00~ZA~WCAC~USD~514.10~~~~~~~~~N~0643a541-c5e4-443e-947c-045dc36a9f06~~514.10~USD*","Electric","","","",""
"https://s1.pclncdn.com/rc-static/v2/vehicles/partner/za/16603/ZA_IXAE_US.png","https://s1.pclncdn.com/rc-static/v2/partner-logos/ZA/ZA.png?width=250&height=72&opto&fit=bounds","Quick Pick-Up","Compact Electric SUV","Kia Niro or similar","person","5","work","2","check","Unlimited Mileage","","","","","Pick-up & Drop-off","Sacramento Intl Airport (SMF)","Airport Shuttle to Rental Car Center","8.2","136 Ratings","","FREE CANCELLATION","$","25","/day","$","310","286","total","Includes taxes and fees","Choose","SMF~SMF~RM~Y~~19cdf9fd8eb~~refCode-27-edf54ee6-f29a-4db0-b134-b27307642b92~20260318T12:00~20260325T12:00~ZA~IXAE~USD~285.89~~~~~195.99~310.04~~~N~1d112c3f-ec2d-4704-8d0d-fdb411bd1b53~~285.89~USD*","SMF~SMF~R~N~~19cdf9fd8eb~~refCode-27-eef933af-377f-4a61-b7d1-8af18ec1ee4d~20260318T12:00~20260325T12:00~ZA~IXAE~USD~310.04~~~~~~~~~N~7101f838-a3d3-4899-8cba-44b7df355298~~310.04~USD*","Electric","","","",""
"https://s1.pclncdn.com/rc-static/v2/vehicles/partner/zr/16463/ZR_XXAR_US.jpg","https://s1.pclncdn.com/rc-static/v2/partner-logos/ZR/ZR_20250904032348.png?width=250&height=72&opto&fit=bounds","Quick Pick-Up","Supplier's Choice","Vehicle determined at pick-up","person","5","work","2","check","Unlimited Mileage","check","Online Check-in","","info","Pick-up & Drop-off","Sacramento Intl Airport (SMF)","Airport Shuttle to Rental Car Center","8.5","376 Ratings","","FREE CANCELLATION","$","36","/day","$","415","365","total","Includes taxes and fees","Choose","SMF~SMF~RP~Y~~19cdf9fd8ec~~refCode-27-672bc45c-8ae6-422a-be6b-d82efe10f4ae~20260318T12:00~20260325T12:00~ZR~XXAR~USD~364.98~~~~~291.09~415.09~~~N~58830b99-8de1-4c47-b5f4-4779a8afb4ba~~364.98~USD*","SMF~SMF~R~N~~19cdf9fd8ec~~refCode-27-9da06daf-4e01-49e2-9dbb-df795701fd07~20260318T12:00~20260325T12:00~ZR~XXAR~USD~415.09~~~~~~~~~N~6283dd3d-e13b-460b-931c-55e3f0ea0be5~~415.09~USD*","","","","",""
"https://s1.pclncdn.com/rc-static/v2/vehicles/partner/zr/16463/ZR_IFAR_US.jpg","https://s1.pclncdn.com/rc-static/v2/partner-logos/ZR/ZR_20250904032348.png?width=250&height=72&opto&fit=bounds","Quick Pick-Up","Mid-Size SUV","Nissan Rogue or similar","person","5","work","1","check","Unlimited Mileage","check","Online Check-in","","info","Pick-up & Drop-off","Sacramento Intl Airport (SMF)","Airport Shuttle to Rental Car Center","8.5","376 Ratings","","FREE CANCELLATION","$","46","/day","$","524","456","total","Includes taxes and fees","Choose","SMF~SMF~RP~Y~~19cdf9fd8ec~~refCode-27-bf0968c5-5d7c-464c-9b9c-d140846b6413~20260318T12:00~20260325T12:00~ZR~IFAR~USD~456.07~~~~~378.17~524.22~~~N~3a22c0db-e72c-4915-8490-245b36f52094~~456.07~USD*","SMF~SMF~R~N~~19cdf9fd8ec~~refCode-27-71f17822-14a7-4e35-ad80-8a15012114de~20260318T12:00~20260325T12:00~ZR~IFAR~USD~524.22~~~~~~~~~N~1bb78cb5-b3d4-486f-b3df-20675dc5e9df~~524.22~USD*","","","","",""
"https://s1.pclncdn.com/rc-static/v2/vehicles/partner/zr/16463/ZR_ECAR_US.jpg","https://s1.pclncdn.com/rc-static/v2/partner-logos/ZR/ZR_20250904032348.png?width=250&height=72&opto&fit=bounds","Quick Pick-Up","Economy Car","Chevrolet Spark or similar","person","4","work","2","check","Unlimited Mileage","check","Online Check-in","","info","Pick-up & Drop-off","Sacramento Intl Airport (SMF)","Airport Shuttle to Rental Car Center","8.5","376 Ratings","","FREE CANCELLATION","$","36","/day","$","417","363","total","Includes taxes and fees","Choose","SMF~SMF~RP~Y~~19cdf9fd8ec~~refCode-27-a155d8a6-09a4-4595-85bc-afc985a2a262~20260318T12:00~20260325T12:00~ZR~ECAR~USD~362.55~~~~~294.50~416.86~~~N~2062710a-f390-4d6d-a5a4-aecf3131ce83~~362.55~USD*","SMF~SMF~R~N~~19cdf9fd8ec~~refCode-27-350a2700-09d4-4a77-9ccd-95f9866f868a~20260318T12:00~20260325T12:00~ZR~ECAR~USD~416.86~~~~~~~~~N~63dcf29e-248e-4978-babf-d1bda457ffd1~~416.86~USD*","","","","",""
"https://s1.pclncdn.com/rc-static/v2/vehicles/partner/zr/16463/ZR_CCAR_US.jpg","https://s1.pclncdn.com/rc-static/v2/partner-logos/ZR/ZR_20250904032348.png?width=250&height=72&opto&fit=bounds","Quick Pick-Up","Compact Car","Nissan Versa Note or similar","person","4","work","3","check","Unlimited Mileage","check","Online Check-in","","info","Pick-up & Drop-off","Sacramento Intl Airport (SMF)","Airport Shuttle to Rental Car Center","8.5","376 Ratings","","FREE CANCELLATION","$","36","/day","$","417","363","total","Includes taxes and fees","Choose","SMF~SMF~RP~Y~~19cdf9fd8ec~~refCode-27-4e53059e-07bc-412d-b00f-193eb696a999~20260318T12:00~20260325T12:00~ZR~CCAR~USD~362.81~~~~~294.51~417.12~~~N~51d9a5b9-a55c-4ce2-8e21-72f96836608f~~362.81~USD*","SMF~SMF~R~N~~19cdf9fd8ec~~refCode-27-e1ca5ebc-19eb-4184-9581-49ce78fee53f~20260318T12:00~20260325T12:00~ZR~CCAR~USD~417.12~~~~~~~~~N~775f3210-7c24-41bc-8d61-a4fbc74e6b51~~417.12~USD*","","","","",""
"https://s1.pclncdn.com/rc-static/v2/vehicles/partner/zt/16463/ZT_SCAR_US.jpg","https://s1.pclncdn.com/rc-static/v2/partner-logos/ZT/ZT.png?width=250&height=72&opto&fit=bounds","Quick Pick-Up","Standard-Size Car","Kia K5 or similar","person","4","work","2","check","Unlimited Mileage","check","Online Check-in","","info","Pick-up & Drop-off","Sacramento Intl Airport (SMF)","Airport Shuttle to Rental Car Center","8.3","197 Ratings","","FREE CANCELLATION","$","35","/day","$","412","359","total","Includes taxes and fees","Choose","SMF~SMF~RP~Y~~19cdf9fd8eb~~refCode-27-6ed2b3ae-8d49-4253-98eb-5cbf4abdb922~20260318T12:00~20260325T12:00~ZT~SCAR~USD~358.72~~~~~286.99~411.71~~~N~ce227851-267f-44a8-af5c-b30dbde665c3~~358.72~USD*","SMF~SMF~R~N~~19cdf9fd8eb~~refCode-27-5876419c-2755-4f23-891f-9aabc6f89d9f~20260318T12:00~20260325T12:00~ZT~SCAR~USD~411.71~~~~~~~~~N~e348e67d-cbce-48f7-84f9-33b3d0c969c2~~411.71~USD*","","","","",""
"https://s1.pclncdn.com/rc-static/v2/vehicles/partner/zt/16463/ZT_FRAR_US.jpg","https://s1.pclncdn.com/rc-static/v2/partner-logos/ZT/ZT.png?width=250&height=72&opto&fit=bounds","Quick Pick-Up","Full-Size SUV","Nissan Pathfinder or similar","person","7","work","1","check","Unlimited Mileage","check","Online Check-in","","info","Pick-up & Drop-off","Sacramento Intl Airport (SMF)","Airport Shuttle to Rental Car Center","8.3","197 Ratings","","FREE CANCELLATION","$","56","/day","$","631","548","total","Includes taxes and fees","Choose","SMF~SMF~RP~Y~~19cdf9fd8eb~~refCode-27-6578382a-6944-4355-ae74-217d381eed87~20260318T12:00~20260325T12:00~ZT~FRAR~USD~548.03~~~~~460.05~630.64~~~N~40bb1d4a-61bf-4fdf-b3a2-fc331117a097~~548.03~USD*","SMF~SMF~R~N~~19cdf9fd8eb~~refCode-27-9cb0203b-7a9b-4dae-9306-d4c6e98dae44~20260318T12:00~20260325T12:00~ZT~FRAR~USD~630.64~~~~~~~~~N~9a6ccfc1-6a4c-44aa-bbc2-ca54128923c6~~630.64~USD*","","","","",""
"https://s1.pclncdn.com/rc-static/v2/vehicles/partner/zt/16463/ZT_XXAR_US.jpg","https://s1.pclncdn.com/rc-static/v2/partner-logos/ZT/ZT.png?width=250&height=72&opto&fit=bounds","Quick Pick-Up","Supplier's Choice","Vehicle determined at pick-up","person","5","work","2","check","Unlimited Mileage","check","Online Check-in","","info","Pick-up & Drop-off","Sacramento Intl Airport (SMF)","Airport Shuttle to Rental Car Center","8.3","197 Ratings","","FREE CANCELLATION","$","36","/day","$","415","365","total","Includes taxes and fees","Choose","SMF~SMF~RP~Y~~19cdf9fd8eb~~refCode-27-e876e349-44b8-4550-a02f-7340f9c1cb98~20260318T12:00~20260325T12:00~ZT~XXAR~USD~364.98~~~~~291.09~415.09~~~N~d9035bd9-e06f-4d4f-b7cf-0ee5cdd2adfb~~364.98~USD*","SMF~SMF~R~N~~19cdf9fd8eb~~refCode-27-7b9e5cb8-a4d8-4faf-9f8d-0d2fca52ae8f~20260318T12:00~20260325T12:00~ZT~XXAR~USD~415.09~~~~~~~~~N~1684e802-2dc4-4142-8c83-9aa215bebb72~~415.09~USD*","","","","",""
"https://s1.pclncdn.com/rc-static/v2/vehicles/partner/zt/16463/ZT_IFAR_US.jpg","https://s1.pclncdn.com/rc-static/v2/partner-logos/ZT/ZT.png?width=250&height=72&opto&fit=bounds","Quick Pick-Up","Mid-Size SUV","Nissan Rogue or similar","person","5","work","1","check","Unlimited Mileage","check","Online Check-in","","info","Pick-up & Drop-off","Sacramento Intl Airport (SMF)","Airport Shuttle to Rental Car Center","8.3","197 Ratings","","FREE CANCELLATION","$","46","/day","$","524","456","total","Includes taxes and fees","Choose","SMF~SMF~RP~Y~~19cdf9fd8eb~~refCode-27-e4f9c7b6-b40e-4b80-984d-fc39f0f59614~20260318T12:00~20260325T12:00~ZT~IFAR~USD~456.07~~~~~378.17~524.22~~~N~339b523d-1480-4118-9e08-adfb6dbe8283~~456.07~USD*","SMF~SMF~R~N~~19cdf9fd8eb~~refCode-27-8ec40fc2-b8bd-4ede-863b-655db4869bd6~20260318T12:00~20260325T12:00~ZT~IFAR~USD~524.22~~~~~~~~~N~a112a95b-67fa-465c-a559-8cd352ab261a~~524.22~USD*","","","","",""
"https://s1.pclncdn.com/rc-static/v2/vehicles/partner/zt/16463/ZT_ECAR_US.jpg","https://s1.pclncdn.com/rc-static/v2/partner-logos/ZT/ZT.png?width=250&height=72&opto&fit=bounds","Quick Pick-Up","Economy Car","Chevrolet Spark or similar","person","4","work","2","check","Unlimited Mileage","check","Online Check-in","","info","Pick-up & Drop-off","Sacramento Intl Airport (SMF)","Airport Shuttle to Rental Car Center","8.3","197 Ratings","","FREE CANCELLATION","$","36","/day","$","417","363","total","Includes taxes and fees","Choose","SMF~SMF~RP~Y~~19cdf9fd8eb~~refCode-27-b6af8e95-bf8d-46d1-92e1-c9686e20a81f~20260318T12:00~20260325T12:00~ZT~ECAR~USD~362.55~~~~~294.50~416.86~~~N~9613a458-bb41-4eee-8602-ef7a13cc9993~~362.55~USD*","SMF~SMF~R~N~~19cdf9fd8eb~~refCode-27-468ee710-63e3-4a97-b000-bf64e31fbb9c~20260318T12:00~20260325T12:00~ZT~ECAR~USD~416.86~~~~~~~~~N~9e88297d-baf5-407c-b26f-50b63ac29efe~~416.86~USD*","","","","",""
"https://s1.pclncdn.com/rc-static/v2/vehicles/partner/zt/16463/ZT_CCAR_US.jpg","https://s1.pclncdn.com/rc-static/v2/partner-logos/ZT/ZT.png?width=250&height=72&opto&fit=bounds","Quick Pick-Up","Compact Car","Nissan Versa or similar","person","4","work","3","check","Unlimited Mileage","check","Online Check-in","","info","Pick-up & Drop-off","Sacramento Intl Airport (SMF)","Airport Shuttle to Rental Car Center","8.3","197 Ratings","","FREE CANCELLATION","$","36","/day","$","417","363","total","Includes taxes and fees","Choose","SMF~SMF~RP~Y~~19cdf9fd8eb~~refCode-27-ddccd01d-37f0-4876-92a5-f8162370c8f0~20260318T12:00~20260325T12:00~ZT~CCAR~USD~362.81~~~~~294.51~417.12~~~N~1aedda23-f1ca-45e0-80f6-4e4aea2916c8~~362.81~USD*","SMF~SMF~R~N~~19cdf9fd8eb~~refCode-27-391115d4-15e5-4875-abc9-9907f2652829~20260318T12:00~20260325T12:00~ZT~CCAR~USD~417.12~~~~~~~~~N~3cc39a77-5b01-4366-8535-5e884645885c~~417.12~USD*","","","","",""
"https://s1.pclncdn.com/rc-static/v2/vehicles/partner/et/16403/ET_UDAR_US.png?width=268&height=144&opto","https://s1.pclncdn.com/rc-static/v2/partner-logos/ET/ET.png?width=250&height=72&opto&fit=bounds","Quick Pick-Up","Premium Car","Mercedes Gle, BMW X5 or similar","person","5","work","4","check","Pay at Pick-up","check","Unlimited Mileage","","","Pick-up & Drop-off","Sacramento Intl Airport (SMF)","Airport Shuttle to Rental Car Center","9.1","93 Ratings","","FREE CANCELLATION","$","109","/day","","","1,013","total","Includes taxes and fees","Pay Later","SMF~SMF~R~N~~19cdf9fd8ec~~refCode-27-bc9a7b72-f29d-43c3-9355-63bd02a16839~20260318T12:00~20260325T12:00~ET~UDAR~USD~1013.45~~~~~~~~~N~a242fd7c-a9c6-47fd-a935-a6b2d5701d33~~1013.45~USD*","","","","","",""